公司全名,公司简称,公司规模,融资阶段,区域,职位名称,工作经验,学历要求,薪资,职位福利,经营范围,职位类型,公司福利,第二职位类型,城市
深圳市客路网络科技有限公司,KLOOK 客路旅行,500-2000人,D轮及以上,福田区,Python工程师,1-3年,本科,10k-20k,国际化平台,旅游,开发|测试|运维类,"['扁平管理', '国际化团队', '旅游基金', '定期体检']",后端开发,深圳
北京金堤科技有限公司,天眼查,150-500人,不需要融资,海淀区,Python开发工程师,3-5年,本科,15k-25k,公司发展好,数据服务,开发|测试|运维类,"['专项奖金', '股票期权', '带薪年假', '定期体检']",后端开发,北京
杭州涂鸦信息技术有限公司,涂鸦智能,500-2000人,C轮,西湖区,Python开发工程师,3-5年,本科,20k-30k,"氛围好,定期团建,工作环境好,时间灵活","移动互联网,硬件",开发|测试|运维类,"['5星办公环境', '年底奖金', '团队牛B', '五险一金']",后端开发,杭州
成都思而科软件有限公司,思而科,50-150人,未融资,武侯区,python开发工程师,3-5年,本科,8k-15k,五险一金 年终奖 餐补 下午茶,电商,开发|测试|运维类,"['带薪年假', '绩效奖金', '领导好', '帅哥多']",后端开发,成都
网易（杭州）网络有限公司,网易,2000人以上,上市公司,天河区,python开发工程师,不限,本科,15k-30k,6险1金，带薪年假，免费猪厂食堂，16薪,电商,开发|测试|运维类,"['节日礼物', '技能培训', '免费班车', '带薪年假']",后端开发,广州
北京字节跳动科技有限公司,字节跳动,2000人以上,C轮,海淀区,python开发工程师,1-3年,本科,20k-35k,六险一金，高薪期权，弹性工作，免费三餐,文娱丨内容,开发|测试|运维类,"['扁平管理', '弹性工作', '大厨定制三餐', '就近租房补贴']",后端开发,北京
腾讯科技（深圳）有限公司,腾讯,2000人以上,上市公司,南山区,python开发工程师,3-5年,本科,20k-40k,大平台 福利待遇优厚,社交,开发|测试|运维类,"['免费班车', '成长空间', '年度旅游', '岗位晋升']",后端开发,深圳
叽里呱啦文化传播（上海）有限公司,叽里呱啦,500-2000人,B轮,普陀区,python开发工程师,1-3年,本科,15k-30k,风口行业 牛人多多 氛围简单 呱呱餐厅,"移动互联网,教育",开发|测试|运维类,"['年底双薪', '带薪年假', '出国旅游', '没有996']",后端开发,上海
奇虎360科技有限公司,360,2000人以上,上市公司,朝阳区,Python开发工程师,3-5年,本科,20k-25k,360安全 集结侠客 迎战大安全网络战,信息安全,开发|测试|运维类,"['专项奖金', '年底双薪']",后端开发,北京
北京达佳互联信息技术有限公司,快手,2000人以上,D轮及以上,海淀区,Python开发工程师,不限,本科,20k-25k,三餐免费、期权、健身房、房补,文娱丨内容,开发|测试|运维类,"['股票期权', '弹性工作', '定期体检', '岗位晋升']",后端开发,北京
奇虎360科技有限公司,360,2000人以上,上市公司,天河区,Python开发工程师,3-5年,本科,20k-35k,"发展空间大,团队氛围好,员工福利多",信息安全,开发|测试|运维类,"['专项奖金', '年底双薪']",后端开发,广州
北京酷我科技有限公司,酷我音乐,500-2000人,上市公司,朝阳区,Python,1-3年,本科,15k-25k,"公司平台大,福利待遇棒,公司氛围好,领导好","移动互联网,文娱丨内容",开发|测试|运维类,"['绩效奖金', '五险一金', '带薪年假', '午餐补助']",后端开发,北京
北京华为数字技术有限公司,华为,2000人以上,不需要融资,海淀区,python,不限,本科,14k-28k,从事安全行业，接触最热领域,"通讯电子,软件开发",开发|测试|运维类,[],数据开发,北京
掌阅科技股份有限公司,掌阅,500-2000人,上市公司,朝阳区,python,5-10年,本科,25k-45k,"工作氛围好,发展空间大",文娱丨内容,开发|测试|运维类,"['专项奖金', '带薪年假', '年度旅游', '扁平管理']",后端开发,北京
上海斯干网络科技有限公司,斯干,150-500人,B轮,徐汇区,Python开发工程师,5-10年,本科,20k-40k,"公司氛围好,二次元行业","移动互联网,文娱丨内容",开发|测试|运维类,"['节日礼物', '股票期权', '扁平管理', '帅哥多']",后端开发,上海
易宝软件科技（南京）有限公司,易宝软件科技（南京）有限公司,150-500人,上市公司,滨江区,python,1-3年,本科,8k-16k,发现空间，平台背景,移动互联网,开发|测试|运维类,[],后端开发,杭州
深信服科技股份有限公司,深信服科技集团,2000人以上,不需要融资,南山区,python开发工程师,不限,本科,11k-22k,大牛多多，平台大,"信息安全,企业服务",开发|测试|运维类,"['三餐全包', '大牛超多', '年终奖超多', '大公司，稳定']",后端开发,深圳
北京酷我科技有限公司,酷我音乐,500-2000人,上市公司,朝阳区,Python,1-3年,本科,15k-25k,"公司平台大,福利待遇棒,公司氛围好,领导好","移动互联网,文娱丨内容",开发|测试|运维类,"['绩效奖金', '五险一金', '带薪年假', '午餐补助']",后端开发,北京
上海卿钊互联网科技有限公司,上海卿钊,少于15人,未融资,浦东新区,python,3-5年,不限,1k-2k,找技术合伙人：时间自由 有项目开发,"消费生活,广告营销",开发|测试|运维类,[],后端开发,上海
深圳市长亮科技股份有限公司,长亮科技,2000人以上,上市公司,南山区,python开发,3-5年,本科,15k-25k,五险一金 年休假 公司总部研发部,企业服务,开发|测试|运维类,"['五险一金', '通讯津贴', '带薪年假', '定期体检']",后端开发,深圳
上海海万信息科技股份有限公司,海万科技,500-2000人,不需要融资,浦东新区,Python开发,3-5年,本科,14k-20k,"节日礼金,体检旅游,年底双薪,五险一金","移动互联网,金融",开发|测试|运维类,[],后端开发,上海
北京汉迪移动互联网科技股份有限公司,iHandy,150-500人,不需要融资,海淀区,python开发,3-5年,本科,20k-35k,"硅谷式办公,弹性工作,时令水果",移动互联网,开发|测试|运维类,"['带薪年假', '定期体检', '文化open', '扁平化管理']",后端开发,北京
北京智蓝云信科技有限公司,智蓝信息,150-500人,不需要融资,东城区,python,5-10年,本科,12k-20k,五险一金 周末双休,"企业服务,数据服务",开发|测试|运维类,[],后端开发,北京
上海沸橙信息科技有限公司,上海沸橙信息科技有限公司,150-500人,不需要融资,浦东新区,python,1-3年,本科,10k-12k,****,"电商,移动互联网",开发|测试|运维类,"['带薪年假', '绩效奖金', '定期体检', '交通补助']",后端开发,上海
南京厚建云计算有限公司广州分公司,短书,50-150人,不需要融资,番禺区,Python开发,3-5年,本科,10k-20k,技术氛围浓，发展机会大,"移动互联网,企业服务",开发|测试|运维类,"['五险一金', '岗位晋升', '扁平管理', '定期体检']",后端开发,广州
华为技术有限公司,华为技术有限公司,2000人以上,不需要融资,龙岗区,python开发工程师,1-3年,本科,15k-30k,大平台,通讯电子,开发|测试|运维类,"['福利完善', '国际化平台', '定期体检', '绩效奖金']",后端开发,深圳
奇虎360科技有限公司,360,2000人以上,上市公司,朝阳区,python爬虫,3-5年,本科,15k-25k,技术大拿团队，成长空间大，福利好,信息安全,开发|测试|运维类,"['专项奖金', '年底双薪']",数据开发,北京
浙江数秦科技有限公司,浙江数秦科技,150-500人,A轮,西湖区,python,5-10年,本科,17k-30k,双休，五险一金，年终奖，期权，职业发展,"移动互联网,信息安全",开发|测试|运维类,"['岗位晋升', '股票期权', '定期体检', '五险一金']",后端开发,杭州
易宝软件科技（南京）有限公司,易宝软件科技（南京）有限公司,150-500人,上市公司,雨花台区,python,3-5年,本科,10k-20k,五险一金  免费班车 绩效奖金,移动互联网,开发|测试|运维类,[],后端开发,南京
广州瑞云网络科技有限公司,瑞云网络,50-150人,不需要融资,天河区,python工程师,1-3年,本科,10k-20k,五险一金，双休，高新企业，奖金,"移动互联网,电商",开发|测试|运维类,"['年终分红', '绩效奖金', '带薪年假', '年度旅游']",后端开发,广州
奥解思信息科技（上海）有限公司,奥解思,500-2000人,上市公司,浦东新区,python,3-5年,本科,15k-22k,福利好，弹性工作制，培训机会多,金融,开发|测试|运维类,[],后端开发,上海
特赞（上海）信息科技有限公司,特赞|Tezign,150-500人,B轮,黄浦区,Python,3-5年,本科,20k-35k,TOP级客户 开放年轻 不打卡 大牛团队,移动互联网,开发|测试|运维类,"['技能培训', '扁平管理', '弹性工作', '全员持股']",后端开发,上海
浙江乐檬信息技术有限公司,乐檬软件,50-150人,未融资,鄞州区,Python,3-5年,本科,10k-15k,出国机会，上升空间，踏实做事，靠谱,"企业服务,消费生活",技术,"['技能培训', '年底双薪', '专项奖金', '带薪年假']",后端开发,宁波
深圳市云间网络科技有限公司,云间网络,50-150人,不需要融资,余杭区,python,3-5年,大专,10k-13k,驻场公司 创始团队阿里背景,"移动互联网,企业服务",开发|测试|运维类,"['年底双薪', '股票期权', '专项奖金', '绩效奖金']",后端开发,杭州
亿达信息技术（深圳）有限公司,YIDATEC,2000人以上,不需要融资,南山区,python,5-10年,本科,14k-20k,五险一金 补充商业保险 年度体检,"移动互联网,游戏",开发|测试|运维类,[],后端开发,深圳
亿达信息技术（深圳）有限公司,YIDATEC,2000人以上,不需要融资,南山区,Python,3-5年,本科,13k-16k,六险一金，双休制，年终奖,"移动互联网,游戏",开发|测试|运维类,[],后端开发,深圳
杭州知衣科技有限公司,知衣科技,50-150人,A轮,萧山区,Python,1-3年,本科,20k-35k,大牛团队 大数据产品,"移动互联网,电商",开发|测试|运维类,"['大牛团队', '扁平管理', '年底双薪', '股票期权']",后端开发,杭州
广州微宽信息技术有限公司,微宽信息,15-50人,不需要融资,海珠区,Python工程师,1-3年,大专,10k-15k,五险一金、带薪年假、节日福利、餐补,"移动互联网,金融",开发|测试|运维类,"['带薪年假', '午餐补助', '周末双休', '五险一金']",后端开发,广州
深度好奇（北京）科技有限公司,深度好奇,15-50人,天使轮,海淀区,Python工程师,不限,本科,12k-24k,五险一金，年底13薪，周末双休，零食供应,"企业服务,数据服务",开发|测试|运维类,"['机器学习', '深度学习', '自然语言处理', 'NLP']",后端开发,北京
深圳市法本信息技术股份有限公司,法本信息,2000人以上,上市公司,南山区,Python开发,1-3年,本科,7k-10k,包三餐,"企业服务,软件开发",开发|测试|运维类,[],后端开发,深圳
光之树（北京）科技有限公司,光之树科技,15-50人,A轮,杨浦区,Python,3-5年,不限,20k-35k,金融科技 前沿技术 跨国团队 技术大牛,"金融,数据服务",开发|测试|运维类,"['带薪年假', '绩效奖金', '定期体检', '弹性工作']",后端开发,上海
广州回头车信息科技有限公司,省省回头车,150-500人,A轮,福田区,python,3-5年,本科,15k-30k,五险一金 年底双薪 五天八小时,消费生活,开发|测试|运维类,"['五险一金', '带薪年假', '年度旅游', '岗位晋升']",后端开发,深圳
广州回头车信息科技有限公司,省省回头车,150-500人,A轮,天河区,python,3-5年,本科,15k-30k,五险一金 年底双薪,消费生活,开发|测试|运维类,"['五险一金', '带薪年假', '年度旅游', '岗位晋升']",后端开发,广州
广州回头车信息科技有限公司,省省回头车,150-500人,A轮,天河区,python,1-3年,本科,10k-20k,五险一金 年底双薪,消费生活,开发|测试|运维类,"['五险一金', '带薪年假', '年度旅游', '岗位晋升']",后端开发,广州
深圳市有鱼智能科技有限公司,有鱼智能科技,150-500人,上市公司,福田区,python开发,1-3年,本科,12k-20k,"上市公司,有转正机会,福利好,发展空间大","移动互联网,金融",开发|测试|运维类,"['节日礼物', '股票期权', '带薪年假', '绩效奖金']",后端开发,深圳
北京缔联科技有限公司,缔联科技,50-150人,B轮,海淀区,python,3-5年,大专,15k-30k,六险一金，十三薪，下午茶，团建，弹性打卡,企业服务,开发|测试|运维类,"['年底双薪', '节日礼物', '年度旅游', '岗位晋升']",后端开发,北京
上海大岂网络科技有限公司,MoSeeker仟寻,150-500人,B轮,,python工程师,3-5年,本科,12k-20k,福利多多 技术大牛多 超长年假,移动互联网,开发|测试|运维类,"['带薪年假', '年终分红', '节日礼物', '技能培训']",后端开发,上海
上海华钦信息科技股份有限公司,CLPS,500-2000人,未融资,浦东新区,python,3-5年,本科,16k-25k,"待遇高,环境好,有前景","数据服务,金融",开发|测试|运维类,"['专项奖金', '带薪年假', '定期体检', '交通补助']",后端开发,上海
上海走走信息科技有限公司,走走中国,15-50人,不需要融资,闵行区,python开发,3-5年,本科,20k-40k,晋升空间，福利完善，年假多,"电商,消费生活",开发|测试|运维类,"['年底双薪', '带薪年假', '交通补助', '午餐补助']",后端开发,上海
叽里呱啦文化传播（上海）有限公司,叽里呱啦,500-2000人,B轮,普陀区,高级Python开发工程师,3-5年,本科,20k-35k,风口行业 牛人多多 团队简单 阿姨烧饭,"移动互联网,教育",开发|测试|运维类,"['年底双薪', '带薪年假', '出国旅游', '没有996']",后端开发,上海
易宝软件科技（南京）有限公司,易宝软件科技（南京）有限公司,150-500人,上市公司,滨江区,python,3-5年,本科,13k-25k,五险一金,移动互联网,开发|测试|运维类,[],后端开发,杭州
北京金道天成信息系统服务有限公司,金道天成,500-2000人,不需要融资,朝阳区,python开发,3-5年,本科,10k-13k,五险一金，13薪，定期团建,"移动互联网,企业服务",开发|测试|运维类,"['年底双薪', '带薪年假', '定期体检', '节日礼物']",后端开发,北京
北京智胜新格科技有限公司,北京智胜新格科技有限...,150-500人,不需要融资,海淀区,Python开发,3-5年,本科,15k-30k,"六险一金,硅谷式办公,绩效奖金,按摩椅","移动互联网,游戏",开发|测试|运维类,"['绩效奖金', '定期体检', '弹性工作', '节日福利']",后端开发,北京
深圳市普特生物医学工程有限公司,普特生物医学,150-500人,不需要融资,南山区,python开发工程师,3-5年,本科,15k-24k,"周末双休,五险一金,带薪年假,地铁沿线",医疗丨健康,开发|测试|运维类,[],后端开发,深圳
北京数美时代科技有限公司,数美,150-500人,C轮,朝阳区,python,应届毕业生,本科,10k-20k,"快速发展,人工智能,大数据,待遇好","企业服务,数据服务",开发|测试|运维类,"['年底双薪', '大数据', '带薪年假', '通讯津贴']",后端开发,北京
北京艨艟信息技术有限公司,Games Vessel,50-150人,不需要融资,海淀区,Python开发工程师,1-3年,本科,15k-30k,下午茶 switch 弹性工时,"游戏,软件开发",开发|测试|运维类,"['定期体检', '绩效奖金', '弹性工作', '扁平管理']",后端开发,北京
北京币世界网络科技有限公司,币世界,150-500人,A轮,朝阳区,python开发工程师,3-5年,本科,17k-34k,五险一金 地铁周边,"移动互联网,金融",开发|测试|运维类,"['岗位晋升', '五险一金', '节日礼物']",后端开发,北京
上海微创软件股份有限公司,微创软件,2000人以上,不需要融资,杨浦区,python开发,3-5年,本科,12k-23k,交通便利，五险一金,"企业服务,移动互联网",开发|测试|运维类,"['绩效奖金', '带薪年假', '定期体检', '弹性工作']",后端开发,上海
智线云科技（北京）有限公司,ZingFront智线,50-150人,A轮,洪山区,python开发工程师,1-3年,不限,8k-15k,六险一金 超长年假 绩效奖金 福利多多,"移动互联网,数据服务",开发|测试|运维类,"['绩效奖金', '股票期权', '领导好', '扁平管理']",后端开发,武汉
大河网络传媒集团有限公司,大河网,150-500人,不需要融资,中原区,Python,3-5年,本科,5k-10k,五险 双休,文娱丨内容,开发|测试|运维类,"['节日礼物', '年底双薪', '专项奖金', '带薪年假']",后端开发,郑州
智牛数字科技（广州）有限公司,智牛数字科技,500-2000人,C轮,南山区,python开发工程师,3-5年,本科,15k-25k,5天8小时，五险一金，3~6个月年终,"数据服务,物联网",开发|测试|运维类,"['周六日双休', '年终奖多', '调薪幅度高', '六险一金']",后端开发,深圳
西安数据如金信息科技有限公司,金数据,50-150人,不需要融资,高新技术产业开发区,Python开发工程师,3-5年,本科,12k-20k,五险一金 技术大牛 极客精神,企业服务,开发|测试|运维类,"['技能培训', '年底双薪', '带薪年假', '岗位晋升']",后端开发,西安
微慕客（成都）科技有限公司,微慕客（成都）科技有限公司,50-150人,不需要融资,双流县,python开发工程师,1-3年,本科,8k-12k,五险一金 弹性工作 扁平管理 微软项目,数据服务,开发|测试|运维类,[],后端开发,成都
易宝软件科技（南京）有限公司,易宝软件科技（南京）有限公司,150-500人,上市公司,郫县,python开发工程师,3-5年,本科,12k-20k,"氛围温馨,周末双休,节日福利，五险一金",移动互联网,开发|测试|运维类,[],后端开发,成都
北京缔联科技有限公司,缔联科技,50-150人,B轮,海淀区,python开发,3-5年,本科,15k-20k,六险一金 下午茶 弹性时间,企业服务,开发|测试|运维类,"['年底双薪', '节日礼物', '年度旅游', '岗位晋升']",后端开发,北京
成都小启科技有限责任公司,小启科技,50-150人,不需要融资,高新区,Python开发工程师,1-3年,本科,8k-15k,"五险一金,带薪年假,周末双休","移动互联网,旅游",开发|测试|运维类,"['股票期权', '扁平管理', '互联网金融', '年底双薪']",后端开发,成都
北京博乐科技有限公司,博乐科技,150-500人,不需要融资,朝阳区,python开发,不限,本科,15k-30k,13薪+项目奖金+出国游+周末双休,移动互联网,开发|测试|运维类,"['节日礼物', '年底双薪', '绩效奖金', '岗位晋升']",后端开发,北京
北京搜狐新媒体信息技术有限公司,搜狐集团,2000人以上,上市公司,海淀区,Python开发工程师,3-5年,本科,15k-30k,"工作氛围好,各种团建,弹性工作","移动互联网,广告营销",开发|测试|运维类,"['节日礼物', '项目奖金', '弹性工作时间', '15天年假']",后端开发,北京
凤凰飞扬（北京）新媒体信息技术有限公司,凤凰网,2000人以上,上市公司,朝阳区,Python爬虫工程师 (MJ000130),1-3年,本科,15k-25k,八险一金 技术氛围好,文娱丨内容,开发|测试|运维类,"['免费班车', '八险一金', '各色型男', '过节大礼包']",后端开发,北京
深圳市普特生物医学工程有限公司,普特生物医学,150-500人,不需要融资,南山区,python开发工程师,3-5年,本科,15k-24k,"周末双休,五险一金,带薪年假,地铁沿线",医疗丨健康,开发|测试|运维类,[],后端开发,深圳
北京币世界网络科技有限公司,币世界,150-500人,A轮,朝阳区,python开发工程师,3-5年,本科,17k-34k,五险一金 地铁周边,"移动互联网,金融",开发|测试|运维类,"['岗位晋升', '五险一金', '节日礼物']",后端开发,北京
北京艨艟信息技术有限公司,Games Vessel,50-150人,不需要融资,海淀区,Python开发工程师,1-3年,本科,15k-30k,下午茶 switch 弹性工时,"游戏,软件开发",开发|测试|运维类,"['定期体检', '绩效奖金', '弹性工作', '扁平管理']",后端开发,北京
深圳柚子街科技有限公司,柚子街,15-50人,A轮,南山区,python开发工程师,3-5年,本科,10k-17k,双休，月绩效激励，腾讯班车,"移动互联网,消费生活",开发|测试|运维类,"['股票期权', '带薪年假', '年度旅游', '扁平管理']",后端开发,深圳
杭州兑吧网络科技有限公司,兑吧,500-2000人,上市公司,西湖区,Python开发工程师,3-5年,本科,15k-25k,项目靠谱，团队靠谱，平台发展好,移动互联网,开发|测试|运维类,"['包午餐晚餐', '奖金多多多', '零食下午茶', '全员出国游']",后端开发,杭州
深圳市紫川软件有限公司,紫川软件,500-2000人,不需要融资,南山区,Python工程师,3-5年,本科,13k-20k,五险一金 员工旅游 周末双休,"电商,金融",开发|测试|运维类,"['节日礼物', '年底双薪', '绩效奖金', '岗位晋升']",后端开发,深圳
普元信息技术股份有限公司,普元,500-2000人,不需要融资,浦东新区,Python开发工程师,3-5年,本科,12k-18k,五险一金、带薪年假、项目稳定,"企业服务,数据服务",开发|测试|运维类,"['绩效奖金', '年底双薪', '五险一金', '带薪年假']",后端开发,上海
广州回头车信息科技有限公司,省省回头车,150-500人,A轮,福田区,python开发,1-3年,本科,10k-20k,五险一金 年底双薪 五天八小时,消费生活,开发|测试|运维类,"['五险一金', '带薪年假', '年度旅游', '岗位晋升']",后端开发,深圳
北京字节跳动科技有限公司,字节跳动,2000人以上,C轮,海淀区,高级python工程师,3-5年,本科,30k-60k,六险一金，高薪期权，弹性工作，免费三餐,文娱丨内容,开发|测试|运维类,"['扁平管理', '弹性工作', '大厨定制三餐', '就近租房补贴']",后端开发,北京
深圳市易博天下科技有限公司,易博天下,150-500人,上市公司,南山区,python开发,1-3年,本科,12k-17k,发展好 年终奖金 团队氛围好,"移动互联网,消费生活",开发|测试|运维类,"['年底双薪', '股票期权', '带薪年假', '创业公司范儿']",后端开发,深圳
杭州览众数据科技有限公司,览众数据,150-500人,B轮,滨江区,Python工程师,3-5年,本科,15k-25k,五险一金、周末双休、年底奖金,"人工智能,数据服务",开发|测试|运维类,"['技能培训', '股票期权', '带薪年假', '绩效奖金']",后端开发,杭州
腾讯科技（深圳）有限公司,腾讯,2000人以上,上市公司,南山区,python后台开发工程师（深圳/上海）,3-5年,本科,15k-30k,"行业领先,技术氛围浓,绩效奖金,腾讯福利",社交,开发|测试|运维类,"['免费班车', '成长空间', '年度旅游', '岗位晋升']",后端开发,深圳
北京趣加科技有限公司,FunPlus 趣加游戏,500-2000人,B轮,朝阳区,Python开发工程师,5-10年,本科,20k-40k,免费早餐，六险一金，旅游，体检,游戏,开发|测试|运维类,"['绩效奖金', '股票期权', '专项奖金', '五险一金']",后端开发,北京
北京猿力未来科技有限公司,猿辅导,2000人以上,D轮及以上,朝阳区,后端开发工程师,1-3年,本科,20k-40k,"7天年假,五一9天假,年度出国游","移动互联网,教育",开发|测试|运维类,"['股票期权', '年底双薪', '五险一金', '带薪年假']",后端开发,北京
深圳数池科技有限公司,数池科技,少于15人,天使轮,南山区,Python开发工程师,3-5年,本科,20k-35k,大牛指导/工作氛围轻松/上升空间大,"企业服务,社交",开发|测试|运维类,[],后端开发,深圳
北京众标智能科技有限公司上海分公司,众标智能科技,50-150人,A轮,宝山区,python开发工程师,1-3年,本科,15k-20k,"前景好,大数据,福利待遇好,大牛多","电商,企业服务",开发|测试|运维类,"['股票期权', '带薪年假', '年度旅游', '扁平管理']",后端开发,上海
深圳平安综合金融服务有限公司,平安金服,2000人以上,上市公司,福田区,python开发,5-10年,本科,20k-40k,五险一金、餐补,金融,开发|测试|运维类,[],后端开发,深圳
广州悦谦科技有限公司,悦谦科技,50-150人,不需要融资,海珠区,Python开发工程师,1-3年,本科,15k-30k,双休，发展空间大，团队氛围好，扁平化管理,移动互联网,开发|测试|运维类,"['年底双薪', '绩效奖金', '股票期权', '定期体检']",后端开发,广州
风变科技（深圳）有限公司,风变科技（深圳）有限公司,500-2000人,B轮,南山区,python后端组长,3-5年,本科,15k-20k,"大佬带队,小组制度,新技术探索","移动互联网,教育",开发|测试|运维类,"['专项奖金', '带薪年假', '定期体检', '六险一金']",后端开发,深圳
深圳虾皮信息科技有限公司,Shopee,2000人以上,上市公司,南山区,Python数据工程师,不限,不限,10k-20k,发展空间大,电商,开发|测试|运维类,"['外企氛围', '蓝海市场', '大牛多多', '15天年假']",后端开发,深圳
弘量科技（深圳）有限公司,弘量科技（深圳）有限公司,50-150人,B轮,南山区,Python工程师,1-3年,本科,15k-30k,"互联网金融,智能投顾,弹性工作",金融,开发|测试|运维类,"['优秀同事', '股票期权', '年终分红', '带薪年假']",后端开发,深圳
北京众标智能科技有限公司上海分公司,众标智能科技,50-150人,A轮,宝山区,python开发工程师,1-3年,本科,15k-20k,"前景好,大数据,福利待遇好,大牛多","电商,企业服务",开发|测试|运维类,"['股票期权', '带薪年假', '年度旅游', '扁平管理']",后端开发,上海
成都青觉科技有限公司,青觉科技,少于15人,不需要融资,高新区,Python工程师,1-3年,本科,9k-15k,高竞争、高收入,"金融,软件开发",开发|测试|运维类,[],后端开发,成都
易宝软件科技（南京）有限公司,易宝软件科技（南京）有限公司,150-500人,上市公司,东莞市市辖区,python开发,1-3年,本科,6k-12k,周末双休弹性工时丰富团建活动领导nice,移动互联网,开发|测试|运维类,[],后端开发,东莞
腾讯科技（深圳）有限公司,腾讯,2000人以上,上市公司,南山区,python高级开发工程师,5-10年,本科,25k-50k,发展前景,社交,开发|测试|运维类,"['免费班车', '成长空间', '年度旅游', '岗位晋升']",后端开发,深圳
腾讯科技（深圳）有限公司,腾讯,2000人以上,上市公司,海淀区,python后台开发（深圳）,3-5年,本科,30k-50k,大平台,社交,开发|测试|运维类,"['免费班车', '成长空间', '年度旅游', '岗位晋升']",后端开发,北京
厦门众库科技有限公司,厦门众库科技有限公司,150-500人,未融资,思明区,Python工程师,1-3年,本科,7k-12k,五险一金，氛围年轻化,"数据服务,消费生活",开发|测试|运维类,"['带薪年假', '专项奖金', '节日礼物', '管理规范']",后端开发,厦门
腾讯科技（深圳）有限公司,腾讯,2000人以上,上市公司,高新区,Python高级开发工程师,3-5年,本科,25k-50k,大平台,社交,开发|测试|运维类,"['免费班车', '成长空间', '年度旅游', '岗位晋升']",后端开发,成都
北京颐顺太和软件科技有限公司,新东方,2000人以上,上市公司,海淀区,Python工程师,3-5年,本科,20k-40k,上市公司、发展空间大、福利好、国内外旅游,教育,开发|测试|运维类,[],后端开发,北京
长沙电视台政法频道,政法频道,150-500人,不需要融资,雨花区,Python工程师,1-3年,大专,10k-16k,六险一金 带薪年假 体检 年终奖,其他,开发|测试|运维类,[],后端开发,长沙
成都西山居互动娱乐科技有限公司珠海分公司,西山居游戏,2000人以上,不需要融资,海淀区,Python游戏研发,3-5年,本科,15k-30k,六险一金，包三餐，年终奖，项目奖金,游戏,开发|测试|运维类,"['绩效奖金', '股票期权', '专项奖金', '年底双薪']",后端开发,北京
深圳数池科技有限公司,数池科技,少于15人,天使轮,南山区,Python开发工程师,3-5年,本科,20k-35k,大牛指导/工作氛围轻松/上升空间大,"企业服务,社交",开发|测试|运维类,[],后端开发,深圳
一点网聚科技有限公司,一点资讯,500-2000人,D轮及以上,朝阳区,python工程师,应届毕业生,本科,15k-30k,"精英团队,发展空间大,工作氛围好",文娱丨内容,开发|测试|运维类,"['带薪年假', '午餐补助', '扁平管理', '弹性工作']",后端开发,北京
成都链安科技有限公司,链安科技,50-150人,A轮,武侯区,python工程师,3-5年,本科,15k-30k,行业前景、薪酬诱惑、、环境nice,"移动互联网,信息安全",开发|测试|运维类,"['股票期权', '带薪年假', '定期体检']",数据开发,成都
北京云英传奇技术有限公司,CloudIn,50-150人,A轮,朝阳区,python开发工程师,1-3年,本科,15k-25k,五险一金 弹性上班 发展空间大,"移动互联网,数据服务",开发|测试|运维类,"['绩效奖金', '定期体检', '带薪年假', '弹性工作']",后端开发,北京
广州游爱网络技术有限公司,广州游爱,500-2000人,上市公司,天河区,python开发工程师,1-3年,大专,7k-12k,"双休,五险一金,包三餐,年底双薪","移动互联网,游戏",开发|测试|运维类,"['年终分红', '绩效奖金', '专项奖金', '年底双薪']",后端开发,广州
云势天下（北京）软件有限公司,云势软件,150-500人,B轮,甘井子区,Python开发工程师,3-5年,大专,10k-15k,六险一金；扁平化管理；超长年假+带薪病假,企业服务,开发|测试|运维类,"['年底双薪', '专项奖金', '绩效奖金', '带薪年假']",后端开发,大连
蓝月亮（中国）有限公司,蓝月亮,2000人以上,不需要融资,天河区,python开发工程师,1-3年,本科,13k-18k,大平台 双休 五险一金,消费生活,开发|测试|运维类,"['五险一金', '带薪年假', '免费班车', '定期体检']",后端开发,广州
河南八六三软件股份有限公司,863软件,500-2000人,未融资,闵行区,Python开发工程师,3-5年,大专,8k-12k,周末双休、五险一金、带薪年假、餐补、交补,移动互联网,开发|测试|运维类,[],后端开发,上海
深圳市铱硙医疗科技有限公司,脑医生,15-50人,A轮,南山区,python开发工程师,1-3年,本科,10k-15k,"人工智能,高端前沿,前景广阔","医疗丨健康,数据服务",开发|测试|运维类,"['专项奖金', '带薪年假', '领导好', '五险一金']",后端开发,深圳
腾讯科技（深圳）有限公司,腾讯,2000人以上,上市公司,南山区,Python大数据工程师,1-3年,本科,10k-15k,"大公司平台,全面福利,特色文化,行业领先",社交,开发|测试|运维类,"['免费班车', '成长空间', '年度旅游', '岗位晋升']",后端开发,深圳
威讯柏睿数据科技（北京）有限公司,柏睿数据,50-150人,B轮,海珠区,Python开发工程师,3-5年,本科,13k-25k,大数据 多绩效,"数据服务,信息安全",开发|测试|运维类,"['股票期权', '专项奖金', '带薪年假', '弹性工作']",后端开发,广州
北京棕榈创想科技有限公司,PALMAX,150-500人,A轮,高新区,python开发工程师,3-5年,本科,10k-20k,五险一金 试用期全薪 餐补 14薪,移动互联网,开发|测试|运维类,"['绩效奖金', '交通补助', '定期体检', '午餐补助']",后端开发,成都
上海微创软件股份有限公司,微创软件,2000人以上,不需要融资,海淀区,Python开发工程师,1-3年,本科,10k-15k,五险一金 带薪年假 技术大牛 氛围好,"企业服务,移动互联网",开发|测试|运维类,"['绩效奖金', '带薪年假', '定期体检', '弹性工作']",后端开发,北京
深圳市金证科技股份有限公司,金证股份,2000人以上,上市公司,海淀区,python开发工程师,3-5年,本科,15k-25k,"技术大牛,团队氛围好,高成长",金融,开发|测试|运维类,"['激情的团队', '股票期权', '努力变大牛', '有舞台给您跳']",后端开发,北京
苏州极光无限信息技术有限公司,极光无限,15-50人,不需要融资,工业园区,Python开发工程师,3-5年,大专,10k-20k,薪资待遇优越、五险一金、年终奖,信息安全,开发|测试|运维类,[],后端开发,苏州
上海道客网络科技有限公司,DAOCLOUD,150-500人,B轮,杨浦区,python开发工程师,3-5年,本科,15k-20k,五险一金、补充医疗险、年终奖金,"企业服务,数据服务",开发|测试|运维类,"['工程师文化', '业界大牛', '改变世界', '豪华团队']",后端开发,上海
上海道客网络科技有限公司,DAOCLOUD,150-500人,B轮,锦江区,python开发工程师,1-3年,本科,15k-25k,五险一金、做五休二、年终奖金,"企业服务,数据服务",开发|测试|运维类,"['工程师文化', '业界大牛', '改变世界', '豪华团队']",后端开发,成都
苏州博纳讯动软件有限公司,博云,150-500人,B轮,浦东新区,python开发工程师,3-5年,本科,15k-20k,六险一金，年度旅游体检，补助，带薪培训,"移动互联网,企业服务",开发|测试|运维类,"['凝聚力强', '客户群广', '发展迅速', '团队年轻']",后端开发,上海
北京极睿科技有限责任公司,北京极睿科技有限责任公司,15-50人,A轮,海淀区,python开发工程师,3-5年,本科,20k-40k,清华团队，技术大牛，明星资本，,"移动互联网,数据服务",开发|测试|运维类,"['年底双薪', '股票期权', '弹性工作', '扁平管理']",后端开发,北京
特赞（上海）信息科技有限公司,特赞|Tezign,150-500人,B轮,黄浦区,Python开发工程师,3-5年,本科,20k-30k,大牛云集 培训机会 优厚福利 晋升机制,移动互联网,开发|测试|运维类,"['技能培训', '扁平管理', '弹性工作', '全员持股']",后端开发,上海
上海道客网络科技有限公司,DAOCLOUD,150-500人,B轮,锦江区,python开发工程师,1-3年,本科,15k-25k,五险一金、做五休二、年终奖金,"企业服务,数据服务",开发|测试|运维类,"['工程师文化', '业界大牛', '改变世界', '豪华团队']",后端开发,成都
苏州博纳讯动软件有限公司,博云,150-500人,B轮,浦东新区,python开发工程师,3-5年,本科,15k-20k,六险一金，年度旅游体检，补助，带薪培训,"移动互联网,企业服务",开发|测试|运维类,"['凝聚力强', '客户群广', '发展迅速', '团队年轻']",后端开发,上海
北京极睿科技有限责任公司,北京极睿科技有限责任公司,15-50人,A轮,海淀区,python开发工程师,3-5年,本科,20k-40k,清华团队，技术大牛，明星资本，,"移动互联网,数据服务",开发|测试|运维类,"['年底双薪', '股票期权', '弹性工作', '扁平管理']",后端开发,北京
特赞（上海）信息科技有限公司,特赞|Tezign,150-500人,B轮,黄浦区,Python开发工程师,3-5年,本科,20k-30k,大牛云集 培训机会 优厚福利 晋升机制,移动互联网,开发|测试|运维类,"['技能培训', '扁平管理', '弹性工作', '全员持股']",后端开发,上海
小叶子（北京）科技有限公司,小叶子The ONE,150-500人,C轮,朝阳区,Python开发工程师,3-5年,本科,20k-30k,"五险一金,交通补助,午晚餐","硬件,教育",开发|测试|运维类,"['优秀团队', '技术大牛多', '五险一金', '弹性工作']",后端开发,北京
智言科技(深圳)有限公司,智言科技,50-150人,B轮,南山区,Python开发工程师,3-5年,本科,10k-20k,"海归团队,薪酬福利好,扁平管理","数据服务,其他",开发|测试|运维类,"['年底双薪', '绩效奖金', '通讯津贴', '扁平管理']",后端开发,深圳
深圳市微赢世纪网络科技有限公司,微赢世纪,15-50人,天使轮,南山区,python开发工程师,3-5年,本科,15k-30k,连续创业者领衔自由工作气氛,"人工智能,工具",开发|测试|运维类,"['大牛带队', '技能培训', '股票期权', '扁平管理']",后端开发,深圳
易宝软件科技（南京）有限公司,易宝软件科技（南京）有限公司,150-500人,上市公司,郫县,Python开发工程师,3-5年,本科,10k-15k,五险一金 餐补 员工福利 周末双休,移动互联网,开发|测试|运维类,[],后端开发,成都
贝壳找房（北京）科技有限公司,贝壳,2000人以上,D轮及以上,海淀区,Python工程师,3-5年,本科,20k-40k,免费三餐 发展空间,房产家居,开发|测试|运维类,"['股票期权', '带薪年假', '绩效奖金', '扁平管理']",后端开发,北京
深圳道乐科技有限公司,深圳道乐,150-500人,未融资,海珠区,python开发工程师,1-3年,本科,7k-10k,周末双休 需求分析 产品经验 领导好,"移动互联网,金融",开发|测试|运维类,"['年终奖励', '成长空间', '扁平管理', '美女多']",后端开发,广州
深圳平安综合金融服务有限公司,平安金服,2000人以上,上市公司,浦东新区,Python开发工程师,3-5年,本科,15k-30k,平台大，福利好，年终奖,金融,开发|测试|运维类,[],后端开发,上海
乐麦信息技术（杭州）有限公司,乐其电商,500-2000人,不需要融资,滨江区,Python开发工程师,3-5年,本科,10k-20k,五险一金，年终奖，带薪年假,电商,开发|测试|运维类,"['绩效奖金', '带薪年假', '年度旅游', '弹性工作']",后端开发,杭州
上海灏程信息科技有限公司,灏程信息,15-50人,不需要融资,闵行区,Python开发工程师,5-10年,大专,15k-30k,扁平化管理、别墅式办公环境、做五休二,"体育,软件开发",开发|测试|运维类,"['带薪年假', '弹性工作', '节日礼物', '扁平管理']",后端开发,上海
腾讯科技（深圳）有限公司,腾讯,2000人以上,上市公司,南山区,CSIG-C++/C/Go/python 软件开发,5-10年,本科,22k-40k,平台大，发展快，待遇好，福利棒,社交,开发|测试|运维类,"['免费班车', '成长空间', '年度旅游', '岗位晋升']",后端开发,深圳
开易（北京）科技有限公司,开易科技,150-500人,B轮,开福区,python开发工程师,1-3年,本科,8k-12k,弹性工作、前沿技术、六险一金、零食茶饮,"数据服务,其他",开发|测试|运维类,"['年底双薪', '绩效奖金', '带薪年假', '股票期权']",后端开发,长沙
振帮（深圳）信息科技有限公司,Angsi昂司,500-2000人,未融资,宝安区,python开发工程师,3-5年,本科,15k-22k,发展空间大 行业独角兽,"电商,消费生活",开发|测试|运维类,"['股票期权', '定期体检', '年终分红', '带薪年假']",后端开发,深圳
江苏润和软件股份有限公司,润和软件,2000人以上,上市公司,高新技术产业开发区,Python开发工程师,1-3年,本科,8k-15k,"主动性强,学历能力",移动互联网,开发|测试|运维类,"['技能培训', '带薪年假', '绩效奖金', '岗位晋升']",后端开发,西安
上海一起作业信息科技有限公司,一起教育科技,2000人以上,D轮及以上,朝阳区,Python开发工程师,3-5年,本科,15k-30k,企业福利 平台 发展空间 团队氛围,"移动互联网,教育",开发|测试|运维类,"['节日礼物', '岗位晋升', '扁平管理', '领导好']",后端开发,北京
深圳市金证优智科技有限公司,金证优智,50-150人,A轮,海淀区,python开发,3-5年,本科,15k-25k,"技术大牛,团队氛围好,高成长",人工智能,开发|测试|运维类,[],后端开发,北京
武汉小果科技有限公司,森果,50-150人,天使轮,江夏区,Python开发工程师,1-3年,本科,9k-15k,项目奖金，行业top，提供mac,"移动互联网,企业服务",开发|测试|运维类,"['股票期权', '弹性工作', '节日礼物', '领导好']",后端开发,武汉
成都宽邦科技有限公司,宽邦（BigQuant）,50-150人,不需要融资,高新区,python开发工程师,1-3年,本科,8k-15k,人工智能 团队优秀 前景广阔,"金融,数据服务",开发|测试|运维类,"['前沿技术', '五险一金', '股票期权', '团队优秀']",后端开发,成都
腾讯科技（深圳）有限公司,腾讯,2000人以上,上市公司,高新区,Python高级开发工程师,3-5年,本科,25k-50k,大平台,社交,开发|测试|运维类,"['免费班车', '成长空间', '年度旅游', '岗位晋升']",后端开发,成都
腾讯科技（深圳）有限公司,腾讯,2000人以上,上市公司,南山区,python高级开发工程师,5-10年,本科,25k-50k,发展前景,社交,开发|测试|运维类,"['免费班车', '成长空间', '年度旅游', '岗位晋升']",后端开发,深圳
腾讯科技（深圳）有限公司,腾讯,2000人以上,上市公司,南山区,CSIG-C++/C/Go/python 软件开发,5-10年,本科,22k-40k,平台大，发展快，待遇好，福利棒,社交,开发|测试|运维类,"['免费班车', '成长空间', '年度旅游', '岗位晋升']",后端开发,深圳
上海淇毓信息科技有限公司,奇虎360金融,500-2000人,上市公司,杨浦区,Python工程师,3-5年,本科,15k-30k,福利待遇,金融,开发|测试|运维类,"['年底双薪', '股票期权', '带薪年假', '定期体检']",后端开发,上海
上海易路软件有限公司,易路,150-500人,C轮,高新区,Python开发工程师,3-5年,大专,8k-15k,弹性工时/年轻团队/人性管理/高端客户群,"移动互联网,企业服务",开发|测试|运维类,"['技能培训', '年底双薪', '绩效奖金', '岗位晋升']",后端开发,成都
翼健（上海）信息科技有限公司,BaseBit AI 翼方健数,50-150人,B轮,长宁区,Python开发工程师,1-3年,本科,12k-20k,发展快速；晋升空间；股权激励,医疗丨健康,开发|测试|运维类,"['带薪年假', '弹性工作', '年度旅游', '节日礼物']",后端开发,上海
达而观信息科技（上海）有限公司,达观数据,150-500人,B轮,浦东新区,Python开发工程师,3-5年,本科,15k-30k,核心系统 人工智能 专业培训 前沿技术,人工智能,开发|测试|运维类,"['AI人工智能', 'NLP', '技术领先', '市场口碑佳']",后端开发,上海
易宝软件科技（南京）有限公司,易宝软件科技（南京）有限公司,150-500人,上市公司,滨江区,Python工程师,3-5年,本科,10k-15k,周末双休弹性工时丰富团建活动领导nice,移动互联网,开发|测试|运维类,[],后端开发,杭州
北京向上一心科技有限公司,老虎集团,500-2000人,上市公司,朝阳区,python开发工程师,3-5年,本科,20k-40k,"加班少,福利好","移动互联网,金融",开发|测试|运维类,"['绩效奖金', '年底双薪', '带薪年假', '定期体检']",后端开发,北京
达而观信息科技（上海）有限公司,达观数据,150-500人,B轮,浦东新区,Python开发工程师,3-5年,本科,15k-30k,核心系统 人工智能 专业培训 前沿技术,人工智能,开发|测试|运维类,"['AI人工智能', 'NLP', '技术领先', '市场口碑佳']",后端开发,上海
易宝软件科技（南京）有限公司,易宝软件科技（南京）有限公司,150-500人,上市公司,滨江区,Python工程师,3-5年,本科,10k-15k,周末双休弹性工时丰富团建活动领导nice,移动互联网,开发|测试|运维类,[],后端开发,杭州
北京向上一心科技有限公司,老虎集团,500-2000人,上市公司,朝阳区,python开发工程师,3-5年,本科,20k-40k,"加班少,福利好","移动互联网,金融",开发|测试|运维类,"['绩效奖金', '年底双薪', '带薪年假', '定期体检']",后端开发,北京
北京猎户星空科技有限公司,猎户星空,500-2000人,B轮,朝阳区,Python开发工程师,3-5年,本科,18k-35k,高速发展，潜力无限,"移动互联网,硬件",开发|测试|运维类,"['年度旅游', '弹性工作', '领导好', '五险一金']",后端开发,北京
上海脉策数据科技有限公司,脉策数据,50-150人,A轮,杨浦区,python开发工程师,1-3年,本科,14k-18k,"弹性工作,薪酬福利好,技术驱动,大牛互助","数据服务,企业服务",开发|测试|运维类,"['年底双薪', '股票期权', '午餐补助', '定期体检']",后端开发,上海
北京缔联科技有限公司,缔联科技,50-150人,B轮,海淀区,python开发工程师,3-5年,本科,15k-20k,跟技术大牛一起遨游，下午茶零食,企业服务,开发|测试|运维类,"['年底双薪', '节日礼物', '年度旅游', '岗位晋升']",后端开发,北京
深圳市和讯华谷信息技术有限公司,极光,500-2000人,上市公司,南山区,python开发,5-10年,本科,20k-40k,上市公司、技术氛围好、弹性工作制,企业服务,开发|测试|运维类,"['五险一金', '文体活动', '团建旅游', '美味晚餐']",后端开发,深圳
TCL实业控股股份有限公司,TCL,2000人以上,上市公司,浦东新区,PYTHON开发工程师,不限,本科,13k-25k,发展前景 福利待遇 空间巨大,"移动互联网,其他",开发|测试|运维类,"['年底双薪', '带薪年假', '定期体检', '绩效奖金']",后端开发,上海
腾讯科技（深圳）有限公司,腾讯,2000人以上,上市公司,南山区,IEG-python后台开发工程师,3-5年,本科,25k-50k,发展前景好，行业趋势，公司平台和资源,社交,开发|测试|运维类,"['免费班车', '成长空间', '年度旅游', '岗位晋升']",后端开发,深圳
杭州涂鸦信息技术有限公司,涂鸦智能,500-2000人,C轮,西湖区,python工程师（偏NLP方向）,3-5年,本科,15k-30k,发展前景好,"移动互联网,硬件",开发|测试|运维类,"['5星办公环境', '年底奖金', '团队牛B', '五险一金']",后端开发,杭州
华扬联众数字技术股份有限公司,华扬联众数字技术股份有限公司,2000人以上,上市公司,鼓楼区,Python开发工程师,1-3年,本科,8k-16k,上市公司，扁平管理,"移动互联网,广告营销",开发|测试|运维类,"['年底双薪', '节日礼物', '技能培训', '绩效奖金']",后端开发,南京
北京中睿天下信息技术有限公司,中睿天下,150-500人,A轮,海淀区,Python开发工程师,不限,大专,6k-8k,"福利好,环境好,人员好相处,领导好相处","信息安全,其他",开发|测试|运维类,"['股票期权', '带薪年假', '年度旅游', '扁平管理']",后端开发,北京
北京陌陌科技有限公司,陌陌,500-2000人,上市公司,朝阳区,【暑期实习生】Python开发实习生,应届毕业生,本科,4k-6k,餐费补助 打车补助,社交,开发|测试|运维类,"['岗位晋升', '帅哥多', '管理规范', '技能培训']",后端开发,北京
上海微创软件股份有限公司,微创软件,2000人以上,不需要融资,海淀区,python开发工程师,1-3年,本科,12k-14k,大厂经验 食堂,"企业服务,移动互联网",开发|测试|运维类,"['绩效奖金', '带薪年假', '定期体检', '弹性工作']",后端开发,北京
腾讯科技（深圳）有限公司,腾讯,2000人以上,上市公司,海淀区,微视视频理解算法go/python后台开发（北京）,3-5年,本科,25k-50k,大平台 新业务,社交,开发|测试|运维类,"['免费班车', '成长空间', '年度旅游', '岗位晋升']",后端开发,北京
北京闪银奇异科技有限公司,闪银奇异,500-2000人,D轮及以上,朝阳区,Python开发工程师,3-5年,本科,20k-35k,免费午餐 免费健身房 成长空间大,"移动互联网,金融",开发|测试|运维类,"['13~15薪', '晋升空间大', '定期体检', '能力定薪']",后端开发,北京
北京陌陌科技有限公司,陌陌,500-2000人,上市公司,朝阳区,python开发实习生,不限,不限,4k-6k,技术挑战，晋升空间,社交,开发|测试|运维类,"['岗位晋升', '帅哥多', '管理规范', '技能培训']",后端开发,北京
腾讯科技（深圳）有限公司,腾讯,2000人以上,上市公司,南山区,IEG-python后台开发工程师,3-5年,本科,25k-50k,发展前景好，行业趋势，公司平台和资源,社交,开发|测试|运维类,"['免费班车', '成长空间', '年度旅游', '岗位晋升']",后端开发,深圳
华为技术有限公司,华为技术有限公司,2000人以上,不需要融资,龙岗区,python开发,3-5年,本科,15k-30k,能力提升空间大 加班补贴 班车 年终奖,通讯电子,开发|测试|运维类,"['福利完善', '国际化平台', '定期体检', '绩效奖金']",后端开发,深圳
北京字节跳动科技有限公司,字节跳动,2000人以上,C轮,南山区,后端开发工程师,不限,本科,25k-50k,"六险一金,餐补",文娱丨内容,开发|测试|运维类,"['扁平管理', '弹性工作', '大厨定制三餐', '就近租房补贴']",后端开发,深圳
北京字节跳动科技有限公司,字节跳动,2000人以上,C轮,海淀区,后端开发工程师,3-5年,本科,20k-40k,六险一金，弹性工作，免费三餐，租房补贴,文娱丨内容,开发|测试|运维类,"['扁平管理', '弹性工作', '大厨定制三餐', '就近租房补贴']",后端开发,北京
上海大智慧股份有限公司,大智慧,500-2000人,上市公司,浦东新区,Python开发工程师,1-3年,大专,10k-20k,福利待遇、发展前景,"移动互联网,金融",开发|测试|运维类,"['五险一金', '绩效奖金', '午餐补助', '定期体检']",后端开发,上海
腾讯科技（深圳）有限公司,腾讯,2000人以上,上市公司,南山区,数据分析平台开发工程师（Python）,3-5年,本科,20k-40k,"大数据,数据分析,BI,知识图谱",社交,开发|测试|运维类,"['免费班车', '成长空间', '年度旅游', '岗位晋升']",后端开发,深圳
普华永道信息技术（上海）有限公司,PwC,500-2000人,未融资,浦东新区,python开发工程师,3-5年,本科,13k-22k,年底双薪、带薪年假、免费班车、福利补贴,"移动互联网,金融",开发|测试|运维类,"['年底双薪', '交通补助', '绩效奖金', '午餐补助']",后端开发,上海
奇虎360科技有限公司,360,2000人以上,上市公司,朝阳区,后端开发工程师,3-5年,本科,25k-40k,360安全、国际视野,信息安全,开发|测试|运维类,"['专项奖金', '年底双薪']",后端开发,北京
深圳市客路网络科技有限公司,KLOOK 客路旅行,500-2000人,D轮及以上,福田区,后端开发工程师,3-5年,本科,15k-25k,业务快速发展，工作极具挑战性,旅游,开发|测试|运维类,"['扁平管理', '国际化团队', '旅游基金', '定期体检']",后端开发,深圳
北京易捷思达科技发展有限公司,EasyStack,150-500人,D轮及以上,海淀区,Python开发工程师,1-3年,本科,15k-25k,D轮融资，发展前景好，老板Nice,数据服务,开发|测试|运维类,"['股票期权', '五险一金', '弹性工作', '节日礼物']",后端开发,北京
深圳市橙智科技有限公司,橙智科技,50-150人,不需要融资,南山区,python开发工程师,1-3年,本科,15k-30k,能源互联网独角兽，高速发展，业绩分红,移动互联网,开发|测试|运维类,"['股票期权', '专项奖金', '绩效奖金', '通讯津贴']",后端开发,深圳
北京势在必行网络科技有限公司,币信,50-150人,不需要融资,朝阳区,python开发工程师,5-10年,本科,25k-50k,弹性工作 免费午晚餐 13-16薪,移动互联网,开发|测试|运维类,"['带薪年假', '午餐补助', '定期体检', '弹性工作']",后端开发,北京
上海易宝软件有限公司南京分公司,上海易宝,150-500人,未融资,滨江区,python开发,3-5年,本科,12k-23k,五险一金、周末双休、餐补,移动互联网,开发|测试|运维类,"['绩效奖金 ', '专项奖金 ', '五险一金 ', '交通补助 ']",后端开发,杭州
上海易宝软件有限公司南京分公司,上海易宝,150-500人,未融资,滨江区,python开发,3-5年,本科,12k-23k,五险一金、周末双休、餐补,移动互联网,开发|测试|运维类,"['绩效奖金 ', '专项奖金 ', '五险一金 ', '交通补助 ']",后端开发,杭州
上海宏路数据技术股份有限公司,Hypers,50-150人,上市公司,虹口区,Python开发工程师,不限,不限,7k-14k,扁平化 成长快 氛围好,移动互联网,开发|测试|运维类,"['绩效奖金', '五险一金', '带薪年假', '年度旅游']",后端开发,上海
北京墨云科技有限公司,墨云科技,50-150人,B轮,海淀区,python开发工程师,3-5年,本科,20k-40k,股票期权、弹性工作,信息安全,开发|测试|运维类,"['股票期权', '弹性工作', '五险一金', '午餐交通补助']",后端开发,北京
武汉乐谷在线科技有限公司,乐谷游戏,50-150人,A轮,洪山区,Python开发工程师,1-3年,大专,6k-12k,奖金体系 项目奖金,游戏,开发|测试|运维类,"['专项奖金', '带薪年假', '弹性工作', '年度旅游']",后端开发,武汉
武汉佰钧成技术有限责任公司,武汉佰钧成技术有限责任公司,2000人以上,不需要融资,雁塔区,python开发工程师,1-3年,本科,7k-14k,六险一金，项目奖金，弹性工作，年度体检,移动互联网,开发|测试|运维类,"['带薪年假', '计算机软件', '管理规范', '定期体检']",后端开发,西安
武汉市星商电子商务有限公司,星商电子商务,500-2000人,C轮,洪山区,python开发工程师,3-5年,本科,8k-15k,五险一金 年终奖金,电商,开发|测试|运维类,"['绩效奖金', '带薪年假', '年度旅游', '节日礼物']",后端开发,武汉
武汉市星商电子商务有限公司,星商电子商务,500-2000人,C轮,洪山区,Python开发工程师,3-5年,本科,10k-15k,五险一金 年终奖金,电商,开发|测试|运维类,"['绩效奖金', '带薪年假', '年度旅游', '节日礼物']",后端开发,武汉
珠海市魅族科技有限公司,魅族,2000人以上,A轮,香洲区,Python开发工程师,3-5年,本科,15k-28k,大平台,"移动互联网,硬件",开发|测试|运维类,"['股票期权', '免费班车', '带薪年假', '年度旅游']",后端开发,珠海
颐月信息技术（北京）有限公司,BABEL 贝宝,50-150人,A轮,朝阳区,python开发工程师,3-5年,本科,20k-30k,"技术挑战,发展空间,扁平化","金融,数据服务",开发|测试|运维类,"['股票期权', '带薪年假', '绩效奖金', '扁平管理']",后端开发,北京
北京影谱科技股份有限公司,影谱科技,50-150人,上市公司,东城区,python开发工程师,3-5年,本科,15k-30k,七险一金，完善福利体系，领导nice，,"文娱丨内容,广告营销",开发|测试|运维类,"['年度旅游', '定期休假', '七险一金', '午餐补助']",后端开发,北京
北京达佳互联信息技术有限公司,快手,2000人以上,D轮及以上,海淀区,后端开发工程师,3-5年,本科,20k-40k,平台大，福利好,文娱丨内容,开发|测试|运维类,"['股票期权', '弹性工作', '定期体检', '岗位晋升']",后端开发,北京
北京字节跳动科技有限公司,字节跳动,2000人以上,C轮,南山区,后端开发工程师,不限,本科,25k-50k,"六险一金,餐补",文娱丨内容,开发|测试|运维类,"['扁平管理', '弹性工作', '大厨定制三餐', '就近租房补贴']",后端开发,深圳
北京字节跳动科技有限公司,字节跳动,2000人以上,C轮,海淀区,Python后端高级开发工程师-抖音/火山,1-3年,本科,20k-40k,六险一金,文娱丨内容,开发|测试|运维类,"['扁平管理', '弹性工作', '大厨定制三餐', '就近租房补贴']",后端开发,北京
北京高梓行远科技有限公司,Lespark,50-150人,A轮,海淀区,Python开发工程师,3-5年,本科,13k-25k,"六险一金,期权,免费午晚餐,国内外团建","移动互联网,社交",开发|测试|运维类,"['节日礼物', '专项奖金', '带薪年假', '岗位晋升']",后端开发,北京
上海微创软件股份有限公司,微创软件,2000人以上,不需要融资,杨浦区,Python开发工程师,3-5年,本科,15k-30k,平台好 待遇好,"企业服务,移动互联网",开发|测试|运维类,"['绩效奖金', '带薪年假', '定期体检', '弹性工作']",后端开发,上海
北京国双科技有限公司,Gridsum 国双,500-2000人,上市公司,海淀区,Python/Go研发工程师,应届毕业生,本科,10k-15k,大数据人工智能企业、发展前景可观,"数据服务,企业服务",开发|测试|运维类,"['节日礼物', '年底双薪', '带薪年假', '午餐补助']",后端开发,北京
红帽软件（北京）有限公司,"Red Hat, 红帽软件",500-2000人,上市公司,海淀区,Python开发工程师,3-5年,本科,17k-25k,开源项目，流程规范，技术大牛，国际团队,"企业服务,数据服务",开发|测试|运维类,"['上市外企', '技术大牛', '开源先驱', '带薪年假']",后端开发,北京
北京奥鹏远程教育中心有限公司,慕课网,50-150人,不需要融资,海淀区,Python助教,1-3年,大专,5k-10k,五险一金、带薪年假、下午茶、大牛团队,"移动互联网,教育",开发|测试|运维类,"['节日礼物', '技能培训', '节日礼品卡', '月度团建']",后端开发,北京
北京国双科技有限公司,Gridsum 国双,500-2000人,上市公司,福田区,Python后端开发工程师,3-5年,本科,15k-30k,上市公司 前景佳 氛围好 牛人多,"数据服务,企业服务",开发|测试|运维类,"['节日礼物', '年底双薪', '带薪年假', '午餐补助']",后端开发,深圳
郑州创恒实业有限公司,郑州创恒实业有限公司,150-500人,未融资,金水区,Python开发工程师,1-3年,本科,5k-10k,"周末双休,年底双薪,全勤奖,外出旅游",移动互联网,开发|测试|运维类,"['年底双薪', '节日礼物', '技能培训', '绩效奖金']",后端开发,郑州
行云智能（深圳）技术有限公司,行云智能,15-50人,天使轮,南山区,Python开发工程师,1-3年,本科,10k-20k,"扁平化管理,周末双休,年终奖,发展空间大","移动互联网,硬件",开发|测试|运维类,"['年终分红', '绩效奖金', '专项奖金', '带薪年假']",后端开发,深圳
北京奥鹏远程教育中心有限公司,慕课网,50-150人,不需要融资,海淀区,python讲师,3-5年,大专,15k-30k,行业翘楚、团队优秀、待遇open,"移动互联网,教育",教育|培训,"['节日礼物', '技能培训', '节日礼品卡', '月度团建']",教师,北京
嘉实基金管理有限公司,嘉实基金,500-2000人,不需要融资,东城区,python开发工程师,不限,本科,13k-19k,职业发展前景广阔,"金融,人工智能",开发|测试|运维类,"['五险一金', '带薪年假', '定期体检', '扁平管理']",后端开发,北京
北京高思博乐教育科技股份有限公司,爱学习教育集团,2000人以上,上市公司,海淀区,测试开发工程师（python）,1-3年,本科,15k-30k,六险一金 发展空间大,"教育,移动互联网",开发|测试|运维类,"['带薪年假', '专项奖金', '六险一金', '餐饮补贴']",测试,北京
网易（杭州）网络有限公司,网易,2000人以上,上市公司,天河区,python服务端开发工程师,不限,本科,15k-30k,16薪，项目奖金,电商,开发|测试|运维类,"['节日礼物', '技能培训', '免费班车', '带薪年假']",后端开发,广州
易宝软件科技（南京）有限公司,易宝软件科技（南京）有限公司,150-500人,上市公司,龙华新区,python后端,3-5年,本科,16k-32k,薪资高,移动互联网,开发|测试|运维类,[],后端开发,深圳
杭州慧川智能科技有限公司,慧川智能 (Hunch.AI),15-50人,A轮,西湖区,高级python,5-10年,大专,20k-40k,弹性工作，工作氛围环境好,移动互联网,开发|测试|运维类,"['年度旅游', '帅哥多', '美女多', '五险一金']",后端开发,杭州
杭州飞享数据技术有限公司,飞享数据,15-50人,A轮,滨江区,python开发工程师,3-5年,本科,13k-26k,发展空间大，领导NICE，企业氛围好,"移动互联网,数据服务",开发|测试|运维类,"['节日礼物', '技能培训', '绩效奖金', '岗位晋升']",后端开发,杭州
成都青觉科技有限公司,青觉科技,少于15人,不需要融资,高新区,Python开发工程师,3-5年,本科,10k-15k,周末双休，无加班，办公环境好，氛围好。,"金融,软件开发",开发|测试|运维类,[],后端开发,成都
乐元素科技（北京）股份有限公司,乐元素游戏,500-2000人,不需要融资,海淀区,测试开发工程师（python）,3-5年,本科,18k-28k,弹性工作时间，免费早餐下午茶,"移动互联网,游戏",开发|测试|运维类,"['技能培训', '领导好', '节日礼物']",测试,北京
杭州飞享数据技术有限公司,飞享数据,15-50人,A轮,滨江区,python开发工程师,3-5年,本科,13k-26k,发展空间大，领导NICE，企业氛围好,"移动互联网,数据服务",开发|测试|运维类,"['节日礼物', '技能培训', '绩效奖金', '岗位晋升']",后端开发,杭州
成都青觉科技有限公司,青觉科技,少于15人,不需要融资,高新区,Python开发工程师,3-5年,本科,10k-15k,周末双休，无加班，办公环境好，氛围好。,"金融,软件开发",开发|测试|运维类,[],后端开发,成都
乐元素科技（北京）股份有限公司,乐元素游戏,500-2000人,不需要融资,海淀区,测试开发工程师（python）,3-5年,本科,18k-28k,弹性工作时间，免费早餐下午茶,"移动互联网,游戏",开发|测试|运维类,"['技能培训', '领导好', '节日礼物']",测试,北京
凤凰飞扬（北京）新媒体信息技术有限公司,凤凰网,2000人以上,上市公司,朝阳区,爬虫工程师（java或python）,1-3年,本科,20k-30k,发展空间大 各种补助 节日礼物,文娱丨内容,开发|测试|运维类,"['免费班车', '八险一金', '各色型男', '过节大礼包']",后端开发,北京
曜科智能科技（上海）有限公司,曜科智能,15-50人,天使轮,浦东新区,Python开发工程师,不限,本科,12k-15k,"薪资优厚,前景明朗",硬件,开发|测试|运维类,[],后端开发,上海
顺丰科技有限公司,顺丰科技有限公司,2000人以上,不需要融资,南山区,DSQ-Python后端开发工程师,3-5年,本科,18k-35k,弹性上下班；午餐补贴；五险一金；绩效奖金,"软件开发,数据服务",开发|测试|运维类,"['技能培训', '节日礼物', '带薪年假', '岗位晋升']",后端开发,深圳
深圳平安综合金融服务有限公司,平安金服,2000人以上,上市公司,浦东新区,python开发工程师,5-10年,本科,18k-36k,公司福利好，周末双休，平台稳定,金融,开发|测试|运维类,[],后端开发,上海
成都蜗牛创想科技有限公司,信息技术、软件开发、测试及应用,50-150人,不需要融资,高新区,python高级讲师,3-5年,本科,10k-18k,五险一金，年底双薪，员工旅游，员工体检,"移动互联网,教育",开发|测试|运维类,"['年底双薪', '带薪年假', '定期体检', '绩效奖金']",后端开发,成都
励德爱思唯尔信息技术（北京）有限公司,LexisNexis,500-2000人,上市公司,长宁区,Sr Python Engineer,5-10年,本科,20k-40k,15-20天年假，生日，圣诞假，节日福利,不限,开发|测试|运维类,"['年底双薪', '带薪年假', '定期体检', '扁平管理']",后端开发,上海
浪潮通用软件有限公司,浪潮通软,500-2000人,上市公司,历城区,Python开发工程师,3-5年,本科,10k-17k,七险一金、出国旅游、股票期权、每年调薪,企业服务,开发|测试|运维类,"['技能培训', '节日礼物', '年底双薪', '带薪年假']",后端开发,济南
上海思贤信息技术股份有限公司,思贤股份,50-150人,未融资,徐汇区,python高级开发,3-5年,本科,15k-30k,健康体检、休闲零食、员工旅游、大牛带队,"移动互联网,数据服务",开发|测试|运维类,"['技能培训', '绩效奖金', '岗位晋升', '管理规范']",后端开发,上海
浪潮通用软件有限公司,浪潮通软,500-2000人,上市公司,南山区,python开发工程师,3-5年,本科,12k-20k,薪资优厚,企业服务,开发|测试|运维类,"['技能培训', '节日礼物', '年底双薪', '带薪年假']",后端开发,深圳
上海路诚数据服务有限公司,路诚数据,15-50人,不需要融资,静安区,python开发工程师,3-5年,本科,15k-20k,五险一金、定期体检、年度旅游、绩效奖金,金融,开发|测试|运维类,"['技能培训', '绩效奖金', '年度旅游', '岗位晋升']",后端开发,上海
励德爱思唯尔信息技术（北京）有限公司,LexisNexis,500-2000人,上市公司,长宁区,Senior Python,5-10年,本科,20k-30k,福利待遇,不限,开发|测试|运维类,"['年底双薪', '带薪年假', '定期体检', '扁平管理']",后端开发,上海
深圳市有鱼智能科技有限公司,有鱼智能科技,150-500人,上市公司,朝阳区,Python实习,应届毕业生,硕士,4k-7k,"上市集团,香港券商,环境好，牛人多","移动互联网,金融",开发|测试|运维类,"['节日礼物', '股票期权', '带薪年假', '绩效奖金']",后端开发,北京
行吟信息科技（上海）有限公司,小红书,500-2000人,D轮及以上,黄浦区,后端开发工程师,3-5年,本科,25k-50k,年底双薪、绩效奖金、租房补贴、带薪年假,消费生活,开发|测试|运维类,"['年度旅游', '节日礼物', '专项奖金', '带薪年假']",后端开发,上海
成都数字探索科技有限公司,数字探索,少于15人,不需要融资,高新区,Python开发工程师,1-3年,本科,8k-12k,行业互联网,企业服务,开发|测试|运维类,[],后端开发,成都
武汉极意网络科技有限公司,极验,50-150人,B轮,东湖新技术开发区,Python（极验验证）,3-5年,不限,9k-18k,双休+弹性工作制+五险一金+餐补,"信息安全,数据服务",开发|测试|运维类,"['股票期权', '绩效奖金', '交通补助', '带薪年假']",后端开发,武汉
深圳云天励飞技术有限公司,云天励飞,500-2000人,B轮,南山区,Python后台开发,3-5年,本科,12k-24k,14薪,人工智能,开发|测试|运维类,"['节日礼物', '带薪年假', '年度旅游', '开放务实']",后端开发,深圳
深圳晶泰科技有限公司,晶泰科技,150-500人,B轮,海淀区,Python后台开发,3-5年,本科,12k-20k,"五险一金,带薪年假,MIT大牛",企业服务,开发|测试|运维类,"['节日礼物', '股票期权', '岗位晋升', '扁平管理']",后端开发,北京
北京奥鹏远程教育中心有限公司,慕课网,50-150人,不需要融资,海淀区,Python讲师,1-3年,大专,10k-20k,"六险一金,薪资丰厚,员工旅游,行业翘楚","移动互联网,教育",产品|需求|项目类,"['节日礼物', '技能培训', '节日礼品卡', '月度团建']",项目管理,北京
北京宝兰德软件股份有限公司,宝兰德软件,150-500人,上市公司,高新技术产业开发区,python后端,3-5年,本科,15k-25k,发展空间大 上市公司 六险一金 带薪年假,企业服务,开发|测试|运维类,"['技能培训', '领导好', '五险一金', '绩效奖金']",后端开发,西安
北京云杉智达科技有限公司,云杉智达科技,15-50人,不需要融资,朝阳区,Python后端,1-3年,本科,10k-15k,五险一金、晋升空间、绩效奖金,"移动互联网,企业服务",开发|测试|运维类,"['绩效奖金', '扁平管理', '岗位晋升', '五险一金']",后端开发,北京
达而观信息科技（上海）有限公司,达观数据,150-500人,B轮,浦东新区,高级python,3-5年,本科,16k-25k,技术强 发展空间大 人工智能 薪资福利优,人工智能,开发|测试|运维类,"['AI人工智能', 'NLP', '技术领先', '市场口碑佳']",后端开发,上海
慧博云通（江苏）软件技术有限公司,慧博云通,2000人以上,不需要融资,杨浦区,python测试,5-10年,本科,17k-22k,外企，英文环境，领导nice,企业服务,开发|测试|运维类,"['绩效奖金', '带薪年假', '专项奖金', '节日礼物']",测试,上海
顺丰科技有限公司,顺丰科技有限公司,2000人以上,不需要融资,海淀区,后端开发工程师,3-5年,本科,25k-40k,福利待遇好,"软件开发,数据服务",开发|测试|运维类,"['技能培训', '节日礼物', '带薪年假', '岗位晋升']",后端开发,北京
达内时代科技集团有限公司,达内集团,2000人以上,上市公司,海淀区,python讲师,5-10年,本科,20k-35k,"五险一金,上市平台，双休","移动互联网,教育",教育|培训,"['技能培训', '股票期权', '专项奖金', '带薪年假']",教师,北京
武汉小果科技有限公司,森果,50-150人,天使轮,江夏区,python后端,1-3年,本科,9k-15k,技术大牛，项目奖金，自主研发，提供mac,"移动互联网,企业服务",开发|测试|运维类,"['股票期权', '弹性工作', '节日礼物', '领导好']",后端开发,武汉
深圳市财盈通科技有限公司,财盈通,150-500人,不需要融资,龙岗区,Python爬虫工程师,1-3年,本科,8k-15k,六险一金，项目提成,"移动互联网,电商",开发|测试|运维类,"['专项奖金', '绩效奖金', '年终分红', '定期体检']",数据开发,深圳
嘉兴构美信息技术有限公司,构美信息,150-500人,天使轮,江干区,python web开发主管,5-10年,本科,20k-35k,"单双休,五险一金,下午茶,年轻团队",电商,开发|测试|运维类,"['年底双薪', '带薪年假', '交通补助', '午餐补助']",后端开发,杭州
易宝软件科技（南京）有限公司,易宝软件科技（南京）有限公司,150-500人,上市公司,雨花台区,python,1-3年,本科,10k-20k,五险一金，绩效奖金，周末双休，节日福利,移动互联网,开发|测试|运维类,[],后端开发,南京
达内时代科技集团有限公司,达内集团,2000人以上,上市公司,海淀区,python讲师,5-10年,本科,20k-35k,"五险一金,上市平台，双休","移动互联网,教育",教育|培训,"['技能培训', '股票期权', '专项奖金', '带薪年假']",教师,北京
智线云科技（北京）有限公司,ZingFront智线,50-150人,A轮,洪山区,python爬虫工程师,1-3年,本科,8k-15k,六险一金 超长年假 绩效奖金 福利多多,"移动互联网,数据服务",开发|测试|运维类,"['绩效奖金', '股票期权', '领导好', '扁平管理']",后端开发,武汉
武汉小果科技有限公司,森果,50-150人,天使轮,江夏区,python后端,1-3年,本科,9k-15k,技术大牛，项目奖金，自主研发，提供mac,"移动互联网,企业服务",开发|测试|运维类,"['股票期权', '弹性工作', '节日礼物', '领导好']",后端开发,武汉
九章算法（杭州）科技有限公司,九章算法,15-50人,A轮,西湖区,python后端,1-3年,本科,10k-15k,五险一金，双休，节假日福利,"移动互联网,教育",开发|测试|运维类,[],后端开发,杭州
北京深睿博联科技有限责任公司,深睿医疗,150-500人,C轮,海淀区,算法工程师（Python）,3-5年,本科,15k-30k,"大牛带,技术氛围好,靠谱团队,行业前景好","移动互联网,医疗丨健康",开发|测试|运维类,"['股票期权', '年底双薪', '定期体检', '弹性工作']",人工智能,北京
中科天玑数据科技股份有限公司,中科天玑,150-500人,B轮,海淀区,python工程师,1-3年,本科,15k-22k,科学院孵化 五险一金 福利待遇好,"移动互联网,数据服务",开发|测试|运维类,"['全额五险一金', '年终奖', '项目奖金', '优秀员工激励']",后端开发,北京
云势天下（北京）软件有限公司,云势软件,150-500人,B轮,朝阳区,Python后端工程师,3-5年,本科,18k-25k,"六险一金,团队优秀,带薪年假,扁平管理",企业服务,开发|测试|运维类,"['年底双薪', '专项奖金', '绩效奖金', '带薪年假']",后端开发,北京
四川无声信息技术有限公司,无声,150-500人,不需要融资,高新区,高级python爬虫工程师,3-5年,本科,10k-12k,五险一金，双休，年终奖金,信息安全,开发|测试|运维类,"['带薪年假', '绩效奖金', '岗位晋升', '年度旅游']",数据开发,成都
深圳市一面网络技术有限公司,一面数据,50-150人,A轮,南山区,Python爬虫工程师,不限,本科,10k-18k,大数据人工智能；名校系大牛；技术氛围浓,"移动互联网,数据服务",开发|测试|运维类,"['技能培训', '海归精英团队', 'Geek分享', '绩效奖金']",后端开发,深圳
嘉兴构美信息技术有限公司,构美信息,150-500人,天使轮,江干区,python web开发主管,5-10年,本科,20k-35k,"单双休,五险一金,下午茶,年轻团队",电商,开发|测试|运维类,"['年底双薪', '带薪年假', '交通补助', '午餐补助']",后端开发,杭州
杭州绿湾网络科技有限公司,绿湾科技,150-500人,B轮,鄞州区,Python运维工程师,3-5年,本科,10k-20k,"高挑战,高待遇,高福利,高成长","企业服务,数据服务",开发|测试|运维类,"['期权激励', '住房补贴', '全额公积金', '弹性工作']",运维,宁波
深圳市财盈通科技有限公司,财盈通,150-500人,不需要融资,龙岗区,Python爬虫工程师,1-3年,本科,8k-15k,六险一金，项目提成,"移动互联网,电商",开发|测试|运维类,"['专项奖金', '绩效奖金', '年终分红', '定期体检']",数据开发,深圳
北京字节跳动科技有限公司,字节跳动,2000人以上,C轮,杨浦区,Python开发工程师,3-5年,本科,25k-40k,六险一金，弹性工作，免费三餐，餐补,文娱丨内容,开发|测试|运维类,"['扁平管理', '弹性工作', '大厨定制三餐', '就近租房补贴']",后端开发,上海
北京字节跳动科技有限公司,字节跳动,2000人以上,C轮,闵行区,Python开发工程师（研发效率方向）,3-5年,本科,25k-50k,六险一金，弹性工作，免费三餐，租房补贴,文娱丨内容,开发|测试|运维类,"['扁平管理', '弹性工作', '大厨定制三餐', '就近租房补贴']",后端开发,上海
北京字节跳动科技有限公司,字节跳动,2000人以上,C轮,海淀区,Python开发工程师-变现业务,1-3年,本科,25k-40k,六险一金，弹性工作，免费三餐，租房补贴，带薪休假，休闲下午茶，扁平管理，健身瑜伽，过亿用户，职业大牛，晋升空间，团队氛围好，优厚薪资,文娱丨内容,开发|测试|运维类,"['扁平管理', '弹性工作', '大厨定制三餐', '就近租房补贴']",后端开发,北京
北京奥鹏远程教育中心有限公司,慕课网,50-150人,不需要融资,海淀区,Python助教,1-3年,本科,6k-12k,"空间无限大,领导好,团队优秀,团队氛围好","移动互联网,教育",教育|培训,"['节日礼物', '技能培训', '节日礼品卡', '月度团建']",教师,北京
北京字节跳动科技有限公司,字节跳动,2000人以上,C轮,海淀区,后端开发工程师,应届毕业生,本科,15k-30k,六险一金，弹性工作，免费三餐，租房补贴,文娱丨内容,开发|测试|运维类,"['扁平管理', '弹性工作', '大厨定制三餐', '就近租房补贴']",后端开发,北京
北京字节跳动科技有限公司,字节跳动,2000人以上,C轮,海淀区,后端开发工程师,3-5年,本科,20k-40k,六险一金，弹性工作，免费三餐，租房补贴,文娱丨内容,开发|测试|运维类,"['扁平管理', '弹性工作', '大厨定制三餐', '就近租房补贴']",后端开发,北京
深圳市乐瀛科技有限公司,乐瀛科技,15-50人,未融资,南山区,python后端,1-3年,大专,10k-14k,一年一次国外旅游,"移动互联网,电商",开发|测试|运维类,"['绩效奖金', '年底双薪', '年度旅游', '领导好']",后端开发,深圳
杭州览众数据科技有限公司,览众数据,150-500人,B轮,滨江区,后端工程师（Python方向）,3-5年,本科,14k-25k,"风口行业、快速学习,快速成长,节日福利","人工智能,数据服务",开发|测试|运维类,"['技能培训', '股票期权', '带薪年假', '绩效奖金']",后端开发,杭州
上海纳纳科技有限公司,纳纳科技,50-150人,不需要融资,虹口区,python爬虫,1-3年,本科,10k-20k,平台好 业务稳 氛围好 福利多,"企业服务,数据服务",开发|测试|运维类,"['年底双薪', '专项奖金', '交通补助', '定期体检']",后端开发,上海
上海思贤信息技术股份有限公司,思贤股份,50-150人,未融资,徐汇区,python高级开发,3-5年,本科,15k-30k,健康体检、休闲零食、员工旅游、大牛带队,"移动互联网,数据服务",开发|测试|运维类,"['技能培训', '绩效奖金', '岗位晋升', '管理规范']",后端开发,上海
互道信息技术（上海）有限公司,NextTao 互道信息,50-150人,B轮,浦东新区,Python工程师,3-5年,本科,13k-20k,"技术前沿,大数据平台","移动互联网,电商",开发|测试|运维类,"['节日礼物', '技能培训', '年底双薪', '年度旅游']",后端开发,上海
上海亦存网络科技有限公司,坚果云,50-150人,不需要融资,浦东新区,高级Python开发,3-5年,本科,20k-40k,"技术大牛,团队氛围好,扁平管理","企业服务,数据服务",开发|测试|运维类,"['技能培训', '绩效奖金', '带薪年假', '五险一金']",后端开发,上海
上海云轴信息科技有限公司,ZStack,150-500人,B轮,闵行区,python后端,1-3年,本科,15k-25k,阿里云投资、对标欧美企业福利、扁平化管理,"数据服务,信息安全",开发|测试|运维类,"['弹性工作', '领导好', '扁平管理', '技能培训']",后端开发,上海
上海茗日智能科技有限公司,MRS,15-50人,A轮,黄浦区,PYTHON开发工程师 SH,1-3年,本科,15k-30k,人工智能、前沿科技、技术大牛、交通便利,企业服务,开发|测试|运维类,"['人工智能', '影响行业', '技能培训', '岗位晋升']",后端开发,上海
六度云计算有限公司北京分公司,六度云计算,50-150人,未融资,海淀区,python软件工程师,3-5年,本科,13k-25k,发展前景好,"移动互联网,社交",开发|测试|运维类,[],后端开发,北京
江西点内人工智能科技有限公司,点内科技,15-50人,A轮,长宁区,Python后端开发工程师,3-5年,本科,15k-30k,氛围融洽，行业前景好,其他,开发|测试|运维类,[],后端开发,上海
北京宝兰德软件股份有限公司,宝兰德软件,150-500人,上市公司,岳麓区,Python高级开发,5-10年,大专,15k-30k,发展空间大 上市公司 五险一金 带薪年假,企业服务,开发|测试|运维类,"['技能培训', '领导好', '五险一金', '绩效奖金']",后端开发,长沙
北京云杉智达科技有限公司,云杉智达科技,15-50人,不需要融资,朝阳区,Python后端开发,1-3年,本科,10k-15k,带薪休假、午餐等福利、五险一金、晋升空间,"移动互联网,企业服务",开发|测试|运维类,"['绩效奖金', '扁平管理', '岗位晋升', '五险一金']",后端开发,北京
南京贝湾信息科技有限公司,扇贝,150-500人,B轮,玄武区,Python答疑老师,不限,不限,5k-9k,"福利好,团队棒,个人成长快","移动互联网,教育",开发|测试|运维类,"['节日礼物', '带薪年假', '扁平管理', '定期体检']",后端开发,南京
南京贝湾信息科技有限公司,扇贝,150-500人,B轮,玄武区,Python答疑老师,应届毕业生,不限,4k-6k,"个人成长快,团队棒","移动互联网,教育",开发|测试|运维类,"['节日礼物', '带薪年假', '扁平管理', '定期体检']",后端开发,南京
上海西井信息科技有限公司,westwell西井科技,150-500人,B轮,长宁区,python后端(中级）,3-5年,本科,9k-14k,团队有爱 工作环境好 福利好,"数据服务,硬件",开发|测试|运维类,"['技能培训', '股票期权', '带薪年假', '绩效奖金']",后端开发,上海
北京优思安科技有限公司,积云教育,150-500人,A轮,昌平区,Python高级讲师,3-5年,本科,20k-40k,"五险一金,餐补,周末双休,班车接送",教育,开发|测试|运维类,"['午餐补助', '带薪年假', '五险一金', '学校环境好']",后端开发,北京
上海茗日智能科技有限公司,MRS,15-50人,A轮,朝阳区,PYTHON开发工程师BJ,1-3年,本科,12k-23k,人工智能、前沿科技、技术大牛、待遇优厚,企业服务,开发|测试|运维类,"['人工智能', '影响行业', '技能培训', '岗位晋升']",后端开发,北京
上海茗日智能科技有限公司,MRS,15-50人,A轮,黄浦区,PYTHON开发工程师 SH,1-3年,本科,15k-30k,人工智能、前沿科技、技术大牛、交通便利,企业服务,开发|测试|运维类,"['人工智能', '影响行业', '技能培训', '岗位晋升']",后端开发,上海
北京首都在线科技股份有限公司,CDS,150-500人,上市公司,海淀区,python后端开发工程师,3-5年,本科,15k-25k,"工作氛围好,技术大牛",移动互联网,开发|测试|运维类,"['绩效奖金', '通讯津贴', '定期体检', '带薪年假']",后端开发,北京
北京微光果壳科技有限公司,微壳,150-500人,不需要融资,朝阳区,Python/Golang开发工程师,3-5年,本科,25k-40k,核心高管、六险一金、16薪、弹性工作,"移动互联网,企业服务",开发|测试|运维类,"['六险一金', '年底双薪', '绩效奖金', '带薪年假']",后端开发,北京
北京思图场景数据科技服务有限公司,思图场景,50-150人,A轮,海淀区,Python研发工程师,3-5年,本科,18k-25k,金融领域人工智能公司，行业技术领先,"人工智能,企业服务",开发|测试|运维类,"['年底双薪', '专项奖金', '带薪年假', '午餐补助']",后端开发,北京
北京无极慧通科技有限公司,无极慧通,50-150人,A轮,海淀区,高级python开发工程师,1-3年,本科,10k-15k,"广阔的发展,创业公司,融洽的办公","医疗丨健康,数据服务",开发|测试|运维类,"['技能培训', '年底双薪', '岗位晋升', '领导好']",数据开发,北京
达内时代科技集团有限公司,达内集团,2000人以上,上市公司,大兴区,python助理讲师,不限,本科,8k-12k,"上市公司,股权激励,良好的成长,发展空间","移动互联网,教育",教育|培训,"['技能培训', '股票期权', '专项奖金', '带薪年假']",教师,北京
圆通速递有限公司,圆通,2000人以上,上市公司,青浦区,资深python开发工程师,5-10年,本科,15k-25k,上市公司，前景好，晋升空间广阔，待遇好,物流丨运输,开发|测试|运维类,"['技能培训', '免费班车', '专项奖金', '岗位晋升']",后端开发,上海
深圳开思时代科技有限公司,开思时代,500-2000人,C轮,龙岗区,python后端开发工程师,5-10年,本科,20k-30k,"团队氛围好,激励期权,法定假期,节日福利","移动互联网,电商",开发|测试|运维类,"['节日礼物', '年底双薪', '股票期权', '扁平管理']",后端开发,深圳
上海别样秀数据科技有限公司,别样app,150-500人,B轮,浦东新区,Python爬虫工程师(Selenium方向),不限,本科,10k-20k,"高速增长,精英团队,工程师文化","移动互联网,电商",开发|测试|运维类,"['美女多', '弹性工作', '五险一金', '做五休二']",后端开发,上海
北京首都在线科技股份有限公司,CDS,150-500人,上市公司,海淀区,python后端开发工程师,3-5年,本科,15k-25k,"工作氛围好,技术大牛",移动互联网,开发|测试|运维类,"['绩效奖金', '通讯津贴', '定期体检', '带薪年假']",后端开发,北京
北京快快网络技术有限公司,真融宝,500-2000人,B轮,海淀区,Python中级开发工程师,不限,本科,20k-25k,"六险一金,有餐补,团队氛围好，成长空间大",金融,开发|测试|运维类,"['员工福利丰富', '高薪期权', '热门行业', '免费工作餐']",后端开发,北京
北京无极慧通科技有限公司,无极慧通,50-150人,A轮,海淀区,高级python开发工程师,1-3年,本科,10k-15k,"广阔的发展,创业公司,融洽的办公","医疗丨健康,数据服务",开发|测试|运维类,"['技能培训', '年底双薪', '岗位晋升', '领导好']",数据开发,北京
上海答派体育文化发展有限公司,Runx跑先体育传媒,50-150人,不需要融资,青浦区,Python高级开发工程师,3-5年,大专,15k-25k,晋升空间大、优秀团队、节日福利、做五休二,"移动互联网,游戏",开发|测试|运维类,[],后端开发,上海
深圳市圆代码互联网有限公司,圆代码,少于15人,天使轮,南山区,python开发工程师,1-3年,硕士,10k-20k,"五险一金,弹性工作,节日礼品,带薪年假",移动互联网,开发|测试|运维类,[],后端开发,深圳
杭州览众数据科技有限公司,览众数据,150-500人,B轮,滨江区,后端工程师（Python方向）,3-5年,本科,14k-25k,"风口行业、快速学习,快速成长,节日福利","人工智能,数据服务",开发|测试|运维类,"['技能培训', '股票期权', '带薪年假', '绩效奖金']",后端开发,杭州
深圳点猫科技有限公司,编程猫,2000人以上,C轮,东城区,Python培训讲师,3-5年,本科,8k-15k,"弹性,提成多多,五险一金,饭补","移动互联网,教育",教育|培训,"['专项奖金', '股票期权', '岗位晋升', '年度旅游']",培训,北京
深圳小步网络科技有限公司,小步网络,150-500人,B轮,宝安区,Python后台开发工程师,3-5年,本科,15k-30k,"待遇优厚,成长空间大,弹性上班,下午茶",移动互联网,开发|测试|运维类,"['股票期权', '定期体检', '下午茶', '年度旅游']",后端开发,深圳
北京数美时代科技有限公司,数美,150-500人,C轮,朝阳区,python爬虫,应届毕业生,本科,10k-20k,"快速发展,人工智能,大数据,待遇好","企业服务,数据服务",开发|测试|运维类,"['年底双薪', '大数据', '带薪年假', '通讯津贴']",后端开发,北京
北京数美时代科技有限公司,数美,150-500人,C轮,朝阳区,python爬虫,应届毕业生,本科,10k-20k,"快速发展,人工智能,大数据,待遇好","企业服务,数据服务",开发|测试|运维类,"['年底双薪', '大数据', '带薪年假', '通讯津贴']",后端开发,北京
达内时代科技集团有限公司,达内集团,2000人以上,上市公司,海淀区,Python金牌讲师,3-5年,本科,15k-25k,上市公司,"移动互联网,教育",教育|培训,"['技能培训', '股票期权', '专项奖金', '带薪年假']",教师,北京
爱客科技（深圳）有限公司,AfterShip,50-150人,不需要融资,南山区,高级 Python 工程师,3-5年,本科,25k-35k,全球项目、高薪资、高福利、国际团队,电商,开发|测试|运维类,"['持续盈利', '国际龙头企业', 'SaaS平台', '极客氛围']",后端开发,深圳
江曲投资咨询（上海）有限公司,Student.com,150-500人,C轮,静安区,Python高级开发工程师,5-10年,本科,15k-30k,活力团队，技术牛人,电商,开发|测试|运维类,"['技能培训', '带薪年假', '岗位晋升', '五险一金']",后端开发,上海
上海茗日智能科技有限公司,MRS,15-50人,A轮,朝阳区,PYTHON开发工程师BJ,1-3年,本科,12k-23k,人工智能、前沿科技、技术大牛、待遇优厚,企业服务,开发|测试|运维类,"['人工智能', '影响行业', '技能培训', '岗位晋升']",后端开发,北京
上海大岂网络科技有限公司,MoSeeker仟寻,150-500人,B轮,,高级Python工程师,5-10年,本科,22k-30k,"B轮,互联网,超长年假,技术氛围好",移动互联网,开发|测试|运维类,"['带薪年假', '年终分红', '节日礼物', '技能培训']",后端开发,北京
爱客科技（深圳）有限公司,AfterShip,50-150人,不需要融资,南山区,高级 Python 工程师,3-5年,本科,25k-35k,全球项目、高薪资、高福利、国际团队,电商,开发|测试|运维类,"['持续盈利', '国际龙头企业', 'SaaS平台', '极客氛围']",后端开发,深圳
达而观信息科技（上海）有限公司,达观数据,150-500人,B轮,浦东新区,高级python开发工程师,3-5年,本科,18k-25k,团队氛围好、公司发展稳定、福利待遇好,人工智能,开发|测试|运维类,"['AI人工智能', 'NLP', '技术领先', '市场口碑佳']",后端开发,上海
上海大岂网络科技有限公司,MoSeeker仟寻,150-500人,B轮,,高级Python工程师,5-10年,本科,22k-30k,"B轮,互联网,超长年假,技术氛围好",移动互联网,开发|测试|运维类,"['带薪年假', '年终分红', '节日礼物', '技能培训']",后端开发,北京
上海大岂网络科技有限公司,MoSeeker仟寻,150-500人,B轮,,高级Python工程师,5-10年,本科,22k-30k,"超长年假,培训多,发展空间大",移动互联网,开发|测试|运维类,"['带薪年假', '年终分红', '节日礼物', '技能培训']",后端开发,上海
力扣信息科技（上海）有限公司,LeetCode 领扣网络,15-50人,未融资,普陀区,资深 Python 后端开发工程师,5-10年,本科,20k-40k,"绩效奖励,工作环境优,扁平式管理",移动互联网,开发|测试|运维类,"['年底双薪', '绩效奖金', '午餐补助', '扁平管理']",后端开发,上海
上海微创软件股份有限公司,微创软件,2000人以上,不需要融资,浦东新区,python数据分析,3-5年,本科,15k-22k,大牛带队 五险一金 做五休二 班车,"企业服务,移动互联网",开发|测试|运维类,"['绩效奖金', '带薪年假', '定期体检', '弹性工作']",数据开发,上海
上海媒智科技有限公司,媒智科技,15-50人,不需要融资,徐汇区,Python 后台开发工程师,3-5年,本科,15k-25k,年底双薪 股票期权 带薪年假 周末双休,移动互联网,开发|测试|运维类,[],后端开发,上海
博拉网络股份有限公司,博拉网络股份有限公司,150-500人,上市公司,渝北区,python开发,3-5年,本科,9k-17k,五险一金，通勤车，晋升机制，上市企业,移动互联网,开发|测试|运维类,[],后端开发,重庆
上海邻我信息技术有限公司,上海邻我信息技术有限公司,15-50人,天使轮,徐汇区,Python开发,应届毕业生,不限,3k-6k,福利好，不打卡，成长空间大,"移动互联网,社交",开发|测试|运维类,"['股票期权', '弹性工作', '技能培训', '扁平管理']",后端开发,上海
上海众言网络科技有限公司,问卷网@爱调研,150-500人,C轮,徐汇区,高级python后端开发工程师,5-10年,本科,20k-35k,发展空间领导nice 能力提升主人翁角色,移动互联网,开发|测试|运维类,"['技能培训', '节日礼物', '年底双薪', '绩效奖金']",后端开发,上海
成都新希望金融科技有限公司,新希望金科,150-500人,不需要融资,高新区,Python开发工程师,3-5年,本科,15k-30k,六险一金；实力平台；背景雄厚；环境优越,"移动互联网,金融",开发|测试|运维类,"['交通补助', '通讯津贴', '午餐补助', '定期体检']",后端开发,成都
北京倍飞视国际视觉艺术交流有限公司,Base FX,150-500人,不需要融资,朝阳区,Python程序员,不限,本科,15k-25k,"12天年假,12天病假,五险一金",文娱丨内容,开发|测试|运维类,"['带薪年假', '绩效奖金', '定期体检', '晚餐补助']",后端开发,北京
成都知道创宇信息技术有限公司,知道创宇,500-2000人,C轮,高新区,python 开发工程师(J10375),3-5年,不限,12k-20k,弹性工作，领导同事好沟通,信息安全,开发|测试|运维类,"['节日礼物', '岗位晋升', '美女多', '领导好']",后端开发,成都
成都桃李天下科技有限公司,桃李未来学院,15-50人,天使轮,高新区,少儿编程Python实习教师,应届毕业生,大专,4k-8k,发展前景 福利补贴 提供转正,"教育,人工智能",教育|培训,"['年底双薪', '股票期权', '专项奖金', '通讯津贴']",教师,成都
北京快快网络技术有限公司,真融宝,500-2000人,B轮,海淀区,Python中级开发工程师,不限,本科,20k-25k,"六险一金,有餐补,团队氛围好，成长空间大",金融,开发|测试|运维类,"['员工福利丰富', '高薪期权', '热门行业', '免费工作餐']",后端开发,北京
深圳市中联创新自控系统有限公司,中联创新,150-500人,未融资,福田区,高级后端研发工程师(node/python),3-5年,本科,18k-30k,"五险一金,绩效奖金,弹性工作，节日福利",移动互联网,开发|测试|运维类,[],后端开发,深圳
智线云科技（北京）有限公司,ZingFront智线,50-150人,A轮,洪山区,中高级python开发工程师,3-5年,本科,12k-20k,六险一金 超长年假 绩效奖金 福利多多,"移动互联网,数据服务",开发|测试|运维类,"['绩效奖金', '股票期权', '领导好', '扁平管理']",后端开发,武汉
智线云科技（北京）有限公司,ZingFront智线,50-150人,A轮,朝阳区,高级Python开发工程师/爬虫/spider,3-5年,本科,15k-25k,六险一金 团队优秀 超长年假 团建活动,"移动互联网,数据服务",开发|测试|运维类,"['绩效奖金', '股票期权', '领导好', '扁平管理']",后端开发,北京
广州酷狗计算机科技有限公司,酷狗音乐,500-2000人,上市公司,天河区,PTBU-后端开发工程师（python),3-5年,本科,15k-30k,年终奖金、五险一金、三餐补贴、周末双休,文娱丨内容,开发|测试|运维类,"['技能培训', '节日礼物', '年底双薪', '带薪年假']",后端开发,广州
北京宝兰德软件股份有限公司,宝兰德软件,150-500人,上市公司,海淀区,Python架构师,5-10年,大专,20k-40k,发展空间大 上市公司 六险一金 带薪年假,企业服务,开发|测试|运维类,"['技能培训', '领导好', '五险一金', '绩效奖金']",后端开发,北京
华控清交信息科技（北京）有限公司,清交科技,50-150人,A轮,海淀区,Python开发工程师,3-5年,本科,20k-40k,清华控股，融资过亿，带薪年假，免费午餐,数据服务,开发|测试|运维类,[],后端开发,北京
广州太平洋电脑信息咨询有限公司,太平洋网络有限公司,500-2000人,上市公司,天河区,Python开发工程师,3-5年,本科,15k-26k,五险一金 发展空间 大型互联网公司,"电商,消费生活",开发|测试|运维类,"['年底双薪', '绩效奖金', '五险一金', '带薪年假']",后端开发,广州
北京云杉智达科技有限公司,云杉智达科技,15-50人,不需要融资,朝阳区,技术总监（Python）,3-5年,本科,20k-40k,五险一金、午餐等福利、晋升空间、绩效奖金,"移动互联网,企业服务",开发|测试|运维类,"['绩效奖金', '扁平管理', '岗位晋升', '五险一金']",高端技术职位,北京
上海茗日智能科技有限公司,MRS,15-50人,A轮,黄浦区,PYTHON开发工程师 资深SH,3-5年,本科,20k-36k,人工智能、前沿科技、技术大牛、五险一金,企业服务,开发|测试|运维类,"['人工智能', '影响行业', '技能培训', '岗位晋升']",后端开发,上海
深圳十方融海科技有限公司,十方融海集团,150-500人,A轮,南山区,Python架构师,5-10年,本科,20k-35k,互联网环境 年轻团队 绩效奖金,"移动互联网,教育",开发|测试|运维类,"['美女多', '弹性工作', '扁平管理', '午餐补助']",高端技术职位,深圳
北京智胜新格科技有限公司,北京智胜新格科技有限...,150-500人,不需要融资,海淀区,python开发（海外游戏）,3-5年,本科,15k-30k,"六险一金,绩效奖金,零食水果,年度体检","移动互联网,游戏",开发|测试|运维类,"['绩效奖金', '定期体检', '弹性工作', '节日福利']",后端开发,北京
百度在线网络技术（北京）有限公司,百度,2000人以上,不需要融资,海淀区,C++/Python/Java研发工程师,1-3年,本科,25k-50k,大牛云集，领导好，待遇优厚,工具,开发|测试|运维类,"['股票期权', '弹性工作', '五险一金', '免费班车']",后端开发,北京
北京颐顺太和软件科技有限公司,新东方,2000人以上,上市公司,海淀区,python开发工程师,3-5年,本科,15k-30k,福利待遇好，成长空间大，上市公司；,教育,开发|测试|运维类,[],后端开发,北京
上海海万信息科技股份有限公司,海万科技,500-2000人,不需要融资,静安区,中高级python,3-5年,大专,12k-16k,做五休二，交通便利，大牛团队,"移动互联网,金融",开发|测试|运维类,[],后端开发,上海
北京慧达天下科技有限公司,小学宝,50-150人,A轮,海淀区,Python/Django/后端开发,不限,本科,15k-25k,餐补 年终奖,移动互联网,开发|测试|运维类,"['技能培训', '股票期权', '岗位晋升', '扁平管理']",后端开发,北京
上海海万信息科技股份有限公司,海万科技,500-2000人,不需要融资,静安区,中高级python,3-5年,大专,12k-16k,做五休二，交通便利，大牛团队,"移动互联网,金融",开发|测试|运维类,[],后端开发,上海
北京慧达天下科技有限公司,小学宝,50-150人,A轮,海淀区,Python/Django/后端开发,不限,本科,15k-25k,餐补 年终奖,移动互联网,开发|测试|运维类,"['技能培训', '股票期权', '岗位晋升', '扁平管理']",后端开发,北京
杭州昊晟投资管理有限公司,昊晟投资,少于15人,未融资,江干区,python爬虫,1-3年,本科,15k-20k,只要你有足够的能力 薪资待遇也是相匹配的,金融,开发|测试|运维类,"['股票期权', '年终分红', '午餐补助', '带薪年假']",后端开发,杭州
杭州昊晟投资管理有限公司,昊晟投资,少于15人,未融资,江干区,python爬虫,3-5年,不限,15k-20k,只要你有足够的能力 薪资待遇也是相匹配的,金融,开发|测试|运维类,"['股票期权', '年终分红', '午餐补助', '带薪年假']",后端开发,杭州
丰图科技（深圳）有限公司武汉分公司,丰图科技,150-500人,不需要融资,东湖新技术开发区,Python开发工程师,3-5年,本科,12k-24k,弹性上班时间、高额餐补、试用期全薪,软件开发,开发|测试|运维类,[],后端开发,武汉
北京安信天行科技有限公司,安信天行,150-500人,上市公司,海淀区,python开发工程师,1-3年,本科,10k-15k,七险二金、国企、周末双休补充医疗、15薪,"信息安全,移动互联网",开发|测试|运维类,[],后端开发,北京
成都知道创宇信息技术有限公司,知道创宇,500-2000人,C轮,高新区,Python后端开发,1-3年,本科,8k-10k,六险一金 扁平化管理 发展空间大,信息安全,开发|测试|运维类,"['节日礼物', '岗位晋升', '美女多', '领导好']",后端开发,成都
百度在线网络技术（北京）有限公司,百度,2000人以上,不需要融资,海淀区,知识图谱部_python工程实习生,不限,本科,3k-6k,发展空间大大，公司规模大，领导好,工具,开发|测试|运维类,"['股票期权', '弹性工作', '五险一金', '免费班车']",后端开发,北京
北京搜狗科技发展有限公司,搜狗,2000人以上,上市公司,海淀区,信息流-Python开发工程师,不限,本科,20k-40k,信息流,工具,开发|测试|运维类,"['岗位晋升', '扁平管理', '管理规范', '精英团队']",后端开发,北京
武汉悦希尚科技有限公司,悦希尚,15-50人,未融资,洪山区,python,3-5年,本科,10k-15k,项目奖金、加班补助、大牛带队,移动互联网,开发|测试|运维类,[],后端开发,武汉
深圳市一面网络技术有限公司,一面数据,50-150人,A轮,南山区,Python 工程师（数据平台方向）,1-3年,本科,10k-20k,大数据人工智能；名校系大牛；技术氛围浓,"移动互联网,数据服务",开发|测试|运维类,"['技能培训', '海归精英团队', 'Geek分享', '绩效奖金']",后端开发,深圳
达内时代科技集团有限公司,达内集团,2000人以上,上市公司,海淀区,少儿编程讲师（python）,不限,本科,10k-15k,上市公司,"移动互联网,教育",教育|培训,"['技能培训', '股票期权', '专项奖金', '带薪年假']",教师,北京
浙江网新恒天软件有限公司,恒天软件,2000人以上,不需要融资,西湖区,python开发（SS）,1-3年,本科,9k-15k,周末双休；六险一金；弹性工作制；餐补,软件开发,开发|测试|运维类,"['技能培训', '年底双薪', '节日礼物', '绩效奖金']",后端开发,杭州
广州迪奥信息科技有限公司,迪奥科技,15-50人,A轮,天河区,python,1-3年,本科,7k-8k,五险一金 带薪休假 周末双休 下午茶,"消费生活,数据服务",开发|测试|运维类,"['年终分红', '绩效奖金', '股票期权', '专项奖金']",后端开发,广州
云势天下（北京）软件有限公司,云势软件,150-500人,B轮,朝阳区,Python后端工程师,3-5年,本科,18k-25k,"六险一金,团队优秀,带薪年假,扁平管理",企业服务,开发|测试|运维类,"['年底双薪', '专项奖金', '绩效奖金', '带薪年假']",后端开发,北京
杭州兑吧网络科技有限公司,兑吧,500-2000人,上市公司,西湖区,高级Python工程师,3-5年,本科,15k-30k,全额五险一金 上市企业,移动互联网,开发|测试|运维类,"['包午餐晚餐', '奖金多多多', '零食下午茶', '全员出国游']",后端开发,杭州
浙江天垂科技有限公司,TELETRAAN,15-50人,天使轮,滨江区,python后端工程师,不限,本科,15k-30k,"硅谷模式,MAC电脑,五险一金,氛围轻松","数据服务,企业服务",开发|测试|运维类,"['硅谷技术', 'MAC环境', '股票期权', '绩效奖金']",后端开发,杭州
上海别样秀数据科技有限公司,别样app,150-500人,B轮,浦东新区,Python下单机器人工程师（Selenium方向,3-5年,本科,10k-20k,"高速增长,精英团队,工程师文化","移动互联网,电商",开发|测试|运维类,"['美女多', '弹性工作', '五险一金', '做五休二']",后端开发,上海
广州微宽信息技术有限公司,微宽信息,15-50人,不需要融资,海珠区,Python开发工程师（兼职）,应届毕业生,本科,2k-3k,兼职,"移动互联网,金融",开发|测试|运维类,"['带薪年假', '午餐补助', '周末双休', '五险一金']",后端开发,广州
杭州木链物联网科技有限公司,木链科技,50-150人,A轮,余杭区,python实习,应届毕业生,不限,4k-8k,能学到行业最专业的能力，团队氛围好,信息安全,开发|测试|运维类,"['带薪年假', '绩效奖金', '股票期权', '节日礼物']",后端开发,杭州
杭州木链物联网科技有限公司,木链科技,50-150人,A轮,余杭区,后端Python,1-3年,硕士,12k-24k,能学到行业最专业的能力，团队氛围好,信息安全,开发|测试|运维类,"['带薪年假', '绩效奖金', '股票期权', '节日礼物']",后端开发,杭州
长沙蜜獾信息科技有限公司,蜜獾信息,150-500人,不需要融资,岳麓区,Python中级（SG0302）,1-3年,本科,8k-13k,"五险一金,超长带薪期,周末双休,年终奖金",移动互联网,开发|测试|运维类,"['年底双薪', '技能培训', '绩效奖金', '年度旅游']",后端开发,长沙
长沙蜜獾信息科技有限公司,蜜獾信息,150-500人,不需要融资,岳麓区,Python高级（SG0303）,3-5年,本科,10k-15k,午餐补贴，交通补贴，五险一金，带薪年假,移动互联网,开发|测试|运维类,"['年底双薪', '技能培训', '绩效奖金', '年度旅游']",后端开发,长沙
北京逍遥志科技有限公司,逍遥志科技,15-50人,A轮,朝阳区,Python后端工程师,3-5年,本科,18k-30k,牛人多，氛围好，发展快，国家支持行业,"移动互联网,金融",开发|测试|运维类,"['定期体检', '股票期权', '弹性工作', '领导好']",后端开发,北京
创世云（厦门）信息科技有限公司,创世云,50-150人,未融资,思明区,OpenStack工程师(Python),3-5年,本科,15k-30k,"大牛同事,发展空间,薪酬福利","移动互联网,企业服务",开发|测试|运维类,"['年底双薪', '股票期权', '带薪年假', '定期体检']",后端开发,厦门
深圳市爱美购科技有限公司,爱美购,50-150人,不需要融资,南山区,后端开发工程师,3-5年,本科,18k-36k,技术氛围好 自研项目 成长空间大,"移动互联网,电商",开发|测试|运维类,"['股票期权', '绩效奖金', '五险一金', '带薪年假']",后端开发,深圳
上海牛咖信息科技有限公司,牛咖,150-500人,A轮,普陀区,Python数据开发工程师,3-5年,本科,15k-30k,"领导逗比,氛围欢乐,扁平结构,绩效奖金","移动互联网,社交",开发|测试|运维类,"['年底双薪', '专项奖金', '绩效奖金', '弹性工作']",后端开发,上海
北京香侬慧语科技有限责任公司,香侬科技,50-150人,A轮,海淀区,后端开发工程师,1-3年,本科,20k-30k,大牛带队、亿级融资、地铁周边、零食无限,"企业服务,数据服务",开发|测试|运维类,"['股票期权', '专项奖金', '绩效奖金', '年终分红']",后端开发,北京
嘿侍（上海）信息科技有限公司,嘿市app,15-50人,天使轮,黄浦区,后端开发工程师,3-5年,本科,30k-40k,扁平化管理、互联网氛围、老板亲和力强,"移动互联网,电商",开发|测试|运维类,[],后端开发,上海
西安超斯塔科技有限公司,西安超斯塔科技有限公司,150-500人,上市公司,高新技术产业开发区,后端开发工程师,3-5年,本科,10k-18k,"扁平化管理，双休, 年终奖, 大数据","移动互联网,广告营销",开发|测试|运维类,[],后端开发,西安
上海牛咖信息科技有限公司,牛咖,150-500人,A轮,普陀区,Python数据开发工程师,3-5年,本科,15k-30k,"领导逗比,氛围欢乐,扁平结构,绩效奖金","移动互联网,社交",开发|测试|运维类,"['年底双薪', '专项奖金', '绩效奖金', '弹性工作']",后端开发,上海
广州奇志信息科技有限公司,奇志信息科技,15-50人,A轮,西湖区,后端开发工程师,1-3年,本科,10k-20k,开放的研发氛围、无人机,移动互联网,开发|测试|运维类,"['年底双薪', '带薪年假', '岗位晋升', '扁平管理']",后端开发,杭州
北京香侬慧语科技有限责任公司,香侬科技,50-150人,A轮,海淀区,后端开发工程师,1-3年,本科,20k-30k,大牛带队、亿级融资、地铁周边、零食无限,"企业服务,数据服务",开发|测试|运维类,"['股票期权', '专项奖金', '绩效奖金', '年终分红']",后端开发,北京
上海薄荷信息科技有限公司,薄荷,50-150人,B轮,浦东新区,后端开发工程师,1-3年,大专,15k-25k,发展空间大 交通便利 五险一金 餐补,"移动互联网,电商",开发|测试|运维类,"['绩效奖金', '年度旅游', '五险一金', '股票期权']",后端开发,上海
深圳市爱美购科技有限公司,爱美购,50-150人,不需要融资,南山区,后端开发工程师,3-5年,本科,18k-36k,技术氛围好 自研项目 成长空间大,"移动互联网,电商",开发|测试|运维类,"['股票期权', '绩效奖金', '五险一金', '带薪年假']",后端开发,深圳
深圳市三三得玖通信技术有限公司,三三得玖,150-500人,B轮,南山区,Python,1-3年,本科,10k-15k,产品行业内领先 发展空间大,"移动互联网,企业服务",开发|测试|运维类,"['节日礼物', '带薪年假', '五险一金', '通讯津贴']",后端开发,深圳
屈臣氏珠海横琴管理咨询有限公司深圳分公司,屈臣氏科技创新中心,50-150人,不需要融资,罗湖区,后端开发工程师,3-5年,本科,12k-20k,五险一金 专业培训 年终双薪 带薪年假,移动互联网 电子商务,开发|测试|运维类,[],后端开发,深圳
百度在线网络技术（北京）有限公司,百度,2000人以上,不需要融资,海淀区,后端开发工程师,不限,本科,20k-30k,福利待遇好，具有广阔的发展前景,工具,开发|测试|运维类,"['股票期权', '弹性工作', '五险一金', '免费班车']",后端开发,北京
成都无糖信息技术有限公司,无糖信息,50-150人,A轮,高新区,Python开发工程师,3-5年,不限,7k-12k,福利完善 地铁周边 年轻团队 扁平管理,"信息安全,数据服务",开发|测试|运维类,"['带薪年假', '五险一金', '弹性工作', '领导好']",后端开发,成都
杭州掌派科技有限公司,傲娇工作室,50-150人,B轮,余杭区,后端开发工程师,1-3年,本科,10k-15k,"优质项目,二次元游戏,多轮融资,奖金分红","移动互联网,游戏",开发|测试|运维类,"['绩效奖金', '年终分红', '弹性工作', '原创精品游戏']",后端开发,杭州
成都乐动信息技术有限公司,咕咚,150-500人,C轮,高新区,后端开发工程师,1-3年,本科,12k-18k,"团队佳,薪资给力,氛围活跃",移动互联网,开发|测试|运维类,"['节日礼物', '年度拓展', '岗位晋升', '扁平管理']",后端开发,成都
北京深睿博联科技有限责任公司,深睿医疗,150-500人,C轮,海淀区,后端开发工程师,5-10年,本科,25k-40k,"大牛,行业前景行,福利好,氛围好","移动互联网,医疗丨健康",开发|测试|运维类,"['股票期权', '年底双薪', '定期体检', '弹性工作']",后端开发,北京
拉勾猎头,拉勾猎头,500-2000人,D轮及以上,长宁区,后端开发工程师,5-10年,本科,20k-40k,发展快速,"移动互联网,企业服务",开发|测试|运维类,"['一手内推信息', '猎头专业服务', '名企保面试', '精准高效对接']",后端开发,上海
杭州美登科技股份有限公司,美登科技,15-50人,不需要融资,拱墅区,python研发工程师,1-3年,本科,15k-30k,"弹性工作,技术大神带,午餐补助,年度旅游","电商,企业服务",开发|测试|运维类,"['年度旅游', '弹性工作', '丰厚年终奖', '技术大咖云集']",后端开发,杭州
华风象辑（北京）气象科技有限公司,象辑科技,50-150人,B轮,海淀区,python 开发工程师,1-3年,本科,10k-20k,"扁平化管理,年终奖,项目奖,晋升空间大","移动互联网,数据服务",开发|测试|运维类,"['带薪年假', '扁平管理', '领导好', '五险一金']",后端开发,北京
广州德惟科技有限公司,德惟科技,150-500人,不需要融资,西城区,Python开发（西城区）,1-3年,大专,9k-16k,行业领先、牛人众多，综合福利好,"金融,移动互联网",开发|测试|运维类,[],后端开发,北京
富途网络科技（深圳）有限公司,富途,500-2000人,上市公司,南山区,高级DevOps开发工程师/python,3-5年,不限,15k-30k,"腾讯系团队,扁平管理,六险一金",金融,开发|测试|运维类,"['年底双薪', '腾讯系', '互联网金融', '年度体检']",运维,深圳
上海海钻网络科技有限公司,海钻网络,少于15人,天使轮,黄浦区,Python后端工程师,3-5年,本科,20k-35k,0.5-3个月年度绩效奖金,金融,开发|测试|运维类,[],后端开发,上海
广州微宽信息技术有限公司,微宽信息,15-50人,不需要融资,海珠区,Python开发工程师（兼职）,应届毕业生,本科,2k-3k,兼职,"移动互联网,金融",开发|测试|运维类,"['带薪年假', '午餐补助', '周末双休', '五险一金']",后端开发,广州
乐飞天下信息技术(北京)有限公司,乐飞天下,150-500人,未融资,朝阳区,Python中高级开发（支撑）,5-10年,大专,18k-30k,五险一金员工旅游年底奖金餐补,"移动互联网,旅游",开发|测试|运维类,"['技能培训', '扁平管理', '五险一金', '午餐补助']",后端开发,北京
北京逍遥志科技有限公司,逍遥志科技,15-50人,A轮,朝阳区,Python研发工程师,3-5年,本科,15k-25k,牛人多，氛围好，发展快,"移动互联网,金融",开发|测试|运维类,"['定期体检', '股票期权', '弹性工作', '领导好']",后端开发,北京
北京一人一亩田网络科技有限公司,一亩田,500-2000人,C轮,海淀区,资深python开发,5-10年,本科,25k-50k,六险一金、年终奖、免费体检,"移动互联网,电商",开发|测试|运维类,"['节日礼物', '年底双薪', '专项奖金', '股票期权']",后端开发,北京
南京贝湾信息科技有限公司,扇贝,150-500人,B轮,玄武区,Python课程内容编辑,不限,不限,8k-15k,"团队棒,个人成长快","移动互联网,教育",开发|测试|运维类,"['节日礼物', '带薪年假', '扁平管理', '定期体检']",后端开发,南京
北京神州绿盟信息安全科技股份有限公司,绿盟科技,500-2000人,上市公司,洪山区,python开发工程师,不限,本科,15k-25k,上市公司，六险一金，餐补话补，弹性工作,信息安全,开发|测试|运维类,"['技能培训', '节日礼物', '股票期权', '带薪年假']",后端开发,武汉
武汉小果科技有限公司,森果,50-150人,天使轮,江夏区,python后端,应届毕业生,本科,9k-16k,技术大牛，项目奖金，自主研发，提供mac,"移动互联网,企业服务",开发|测试|运维类,"['股票期权', '弹性工作', '节日礼物', '领导好']",后端开发,武汉
上海牛咖信息科技有限公司,牛咖,150-500人,A轮,普陀区,python高级开发工程师,3-5年,本科,25k-50k,"技术大牛,弹性工作,领导耐撕,奖金丰厚","移动互联网,社交",开发|测试|运维类,"['年底双薪', '专项奖金', '绩效奖金', '弹性工作']",后端开发,上海
上海牛咖信息科技有限公司,牛咖,150-500人,A轮,普陀区,Python数据开发工程师,3-5年,本科,15k-30k,"领导逗比,氛围欢乐,扁平结构,绩效奖金","移动互联网,社交",开发|测试|运维类,"['年底双薪', '专项奖金', '绩效奖金', '弹性工作']",后端开发,上海
北京云英传奇技术有限公司,CloudIn,50-150人,A轮,朝阳区,python研发工程师,1-3年,本科,15k-25k,"五险一金,福利好,地铁周边,试用全薪","移动互联网,数据服务",开发|测试|运维类,"['绩效奖金', '定期体检', '带薪年假', '弹性工作']",后端开发,北京
西安超斯塔科技有限公司,西安超斯塔科技有限公司,150-500人,上市公司,高新技术产业开发区,后端开发工程师,3-5年,本科,10k-18k,"扁平化管理，双休, 年终奖, 大数据","移动互联网,广告营销",开发|测试|运维类,[],后端开发,西安
北京爱选信息科技有限公司,爱选科技,15-50人,天使轮,朝阳区,Python高级算法工程师,5-10年,硕士,25k-40k,入职缴纳社保、公司氛围好， 发展迅速,"移动互联网,金融",开发|测试|运维类,"['免费饮料零食', '弹性工作', '扁平管理', '带薪年假']",后端开发,北京
珠海智无形信息科技有限公司,智无形,15-50人,未融资,工业园区,后端开发工程师,3-5年,本科,7k-12k,晋升空间大，带薪年假、五险一金、节日礼物,移动互联网,开发|测试|运维类,[],后端开发,苏州
上海牛咖信息科技有限公司,牛咖,150-500人,A轮,普陀区,Python数据开发工程师,3-5年,本科,15k-30k,"领导逗比,氛围欢乐,扁平结构,绩效奖金","移动互联网,社交",开发|测试|运维类,"['年底双薪', '专项奖金', '绩效奖金', '弹性工作']",后端开发,上海
北京云英传奇技术有限公司,CloudIn,50-150人,A轮,朝阳区,python研发工程师,1-3年,本科,15k-25k,"五险一金,福利好,地铁周边,试用全薪","移动互联网,数据服务",开发|测试|运维类,"['绩效奖金', '定期体检', '带薪年假', '弹性工作']",后端开发,北京
北京爱选信息科技有限公司,爱选科技,15-50人,天使轮,朝阳区,Python高级算法工程师,5-10年,硕士,25k-40k,入职缴纳社保、公司氛围好， 发展迅速,"移动互联网,金融",开发|测试|运维类,"['免费饮料零食', '弹性工作', '扁平管理', '带薪年假']",后端开发,北京
深圳市爱美购科技有限公司,爱美购,50-150人,不需要融资,南山区,后端开发工程师,3-5年,本科,18k-36k,技术氛围好 自研项目 成长空间大,"移动互联网,电商",开发|测试|运维类,"['股票期权', '绩效奖金', '五险一金', '带薪年假']",后端开发,深圳
深圳淘乐网络科技有限公司,淘乐网络,150-500人,不需要融资,南山区,游戏客户端开发（python）,不限,本科,8k-16k,免费三餐 年终奖金包 弹性工作制,游戏,开发|测试|运维类,"['骨干配车', '免费三餐', '五险一金', '年度旅游']",前端开发,深圳
成都二次元动漫有限公司,二次元动漫,150-500人,不需要融资,高新区,后端开发工程师,1-3年,本科,8k-16k,绩效奖金、年终奖、六险一金、节日福利,"移动互联网,文娱丨内容",开发|测试|运维类,"['带薪年假', '弹性工作', '节日礼物', '六险一金']",后端开发,成都
北京掌控世代科技有限公司,掌控,15-50人,A轮,海淀区,python实习,应届毕业生,本科,4k-5k,弹性工作 远程办公 极具挑战,"移动互联网,电商",开发|测试|运维类,"['西二旗地铁口', '行业第一', '股票期权', '绩效奖金']",后端开发,北京
腾讯科技（深圳）有限公司,腾讯,2000人以上,上市公司,雁塔区,西安子公司- Python 后台开发工程师,3-5年,本科,20k-30k,腾讯云、福利好、技术氛围好,社交,开发|测试|运维类,"['免费班车', '成长空间', '年度旅游', '岗位晋升']",后端开发,西安
四川特力飞科技有限公司,特力飞科技,50-150人,未融资,高新区,python中级工程师,3-5年,本科,9k-12k,早9晚5:30 双休六险一金年终奖商业险,"软件开发,金融",开发|测试|运维类,"['绩效奖金', '岗位晋升', '节日礼物', '定期体检']",后端开发,成都
四川特力飞科技有限公司,特力飞科技,50-150人,未融资,高新区,Python高级工程师,5-10年,本科,12k-16k,早9晚5:30 双休六险一金年终奖商业险,"软件开发,金融",开发|测试|运维类,"['绩效奖金', '岗位晋升', '节日礼物', '定期体检']",后端开发,成都
北京字节跳动科技有限公司,字节跳动,2000人以上,C轮,闵行区,Python开发实习生-AI Lab,不限,本科,6k-10k,"弹性工作,免费三餐,租房补贴,下午茶",文娱丨内容,开发|测试|运维类,"['扁平管理', '弹性工作', '大厨定制三餐', '就近租房补贴']",后端开发,上海
广州奇志信息科技有限公司,奇志信息科技,15-50人,A轮,西湖区,后端开发工程师,1-3年,本科,10k-20k,开放的研发氛围、无人机,移动互联网,开发|测试|运维类,"['年底双薪', '带薪年假', '岗位晋升', '扁平管理']",后端开发,杭州
广州奇志信息科技有限公司,奇志信息科技,15-50人,A轮,南山区,后端开发工程师,1-3年,本科,10k-20k,最新技术、开放氛围、无人机,移动互联网,开发|测试|运维类,"['年底双薪', '带薪年假', '岗位晋升', '扁平管理']",后端开发,深圳
克鲁（北京）网络科技有限公司,Castbox,50-150人,B轮,朝阳区,Python后端开发工程师,3-5年,本科,20k-40k,"大牛云集,硅谷文化,免费三餐,租房补贴","移动互联网,文娱丨内容",开发|测试|运维类,"['股票期权', '弹性工作', '免费按摩', '住房补助']",后端开发,北京
上海骞云信息科技有限公司,CloudChef,50-150人,B轮,杨浦区,Python 开发工程师,1-3年,本科,10k-18k,"带薪年假,五险一金,团建旅游,补充公积金","企业服务,数据服务",开发|测试|运维类,"['股票期权', '带薪年假', '定期体检', '弹性工作']",后端开发,上海
上海高毅资产管理合伙企业（有限合伙）,高毅资产,50-150人,不需要融资,南山区,后端开发工程师,3-5年,不限,15k-30k,"精英团队,大数据平台,福利待遇好","金融,其他",开发|测试|运维类,"['技能培训', '节日礼物', '带薪年假', '绩效奖金']",后端开发,深圳
拉勾猎头,拉勾猎头,500-2000人,D轮及以上,长宁区,后端开发工程师,5-10年,本科,20k-40k,发展快速,"移动互联网,企业服务",开发|测试|运维类,"['一手内推信息', '猎头专业服务', '名企保面试', '精准高效对接']",后端开发,上海
成都乐动信息技术有限公司,咕咚,150-500人,C轮,高新区,后端开发工程师,1-3年,本科,12k-18k,"团队佳,薪资给力,氛围活跃",移动互联网,开发|测试|运维类,"['节日礼物', '年度拓展', '岗位晋升', '扁平管理']",后端开发,成都
杭州掌派科技有限公司,傲娇工作室,50-150人,B轮,余杭区,后端开发工程师,1-3年,本科,10k-15k,"优质项目,二次元游戏,多轮融资,奖金分红","移动互联网,游戏",开发|测试|运维类,"['绩效奖金', '年终分红', '弹性工作', '原创精品游戏']",后端开发,杭州
北京易启跑科技有限公司,易启跑,少于15人,天使轮,昌平区,python实习,应届毕业生,本科,2k-3k,我们不是提供一个工作，而是一份事业。,"体育,医疗丨健康",开发|测试|运维类,[],后端开发,北京
上海吸引子信息科技有限公司,吸引子,15-50人,不需要融资,西湖区,python开发高级工程师,3-5年,不限,15k-25k,五险一金 周末不加班 多种补贴,金融,开发|测试|运维类,[],后端开发,杭州
深圳市乐瀛科技有限公司,乐瀛科技,15-50人,未融资,南山区,Python 后端项目经理,3-5年,大专,11k-22k,一年一次国外旅游,"移动互联网,电商",开发|测试|运维类,"['绩效奖金', '年底双薪', '年度旅游', '领导好']",后端开发,深圳
新浪网技术（中国）有限公司,新浪网,2000人以上,上市公司,海淀区,Python/Go开发工程师,1-3年,本科,15k-30k,免费早餐；健身房；免费班车,文娱丨内容,开发|测试|运维类,"['免费班车', '岗位晋升', '五险一金', '定期体检']",后端开发,北京
瞬联软件科技（北京）有限公司,瞬联软件科技（北京）有限公司,500-2000人,不需要融资,雨花台区,Python自动化测试,3-5年,本科,10k-17k,商业保险 培训,"移动互联网,企业服务",开发|测试|运维类,"['高薪', '节日礼物', '弹性工作', '带薪年假']",测试,南京
苏州极光无限信息技术有限公司,极光无限,15-50人,不需要融资,工业园区,高级Python开发工程师,5-10年,大专,20k-40k,薪资待遇优越、五险一金、年终奖,信息安全,开发|测试|运维类,[],后端开发,苏州
成都市肆零肆网络科技有限公司,成都肆零肆,50-150人,未融资,武侯区,Python高级开发工程师,3-5年,本科,10k-18k,"五险一金,带薪年假,项目提成,周末双休","信息安全,数据服务",开发|测试|运维类,"['弹性工作', '帅哥多', '节日礼物', '管理规范']",后端开发,成都
万科物业发展股份有限公司,万科物业,2000人以上,不需要融资,福田区,高级Python开发工程师,3-5年,本科,15k-30k,结构扁平 五险一金 年度旅游 弹性时间,房产家居,开发|测试|运维类,"['社区o2o', '原始股权', '弹性工作制', '互联网+']",后端开发,深圳
北京百观科技有限公司,百观Lab,15-50人,A轮,东城区,Python数据与爬虫工程师,1-3年,本科,12k-24k,"高成长空间,有挑战性,福利待遇好","数据服务,金融",开发|测试|运维类,"['硅谷风格', '带薪年假', '国际化', '零食管够']",数据开发,北京
长沙蜜獾信息科技有限公司,蜜獾信息,150-500人,不需要融资,岳麓区,Python架构师(SG0304),5-10年,本科,15k-25k,"五险一金,超长带薪期,周末双休,年终奖金",移动互联网,开发|测试|运维类,"['年底双薪', '技能培训', '绩效奖金', '年度旅游']",后端开发,长沙
万科物业发展股份有限公司,万科物业,2000人以上,不需要融资,福田区,高级Python开发工程师,3-5年,本科,15k-30k,结构扁平 五险一金 年度旅游 弹性时间,房产家居,开发|测试|运维类,"['社区o2o', '原始股权', '弹性工作制', '互联网+']",后端开发,深圳
北京百观科技有限公司,百观Lab,15-50人,A轮,东城区,Python数据与爬虫工程师,1-3年,本科,12k-24k,"高成长空间,有挑战性,福利待遇好","数据服务,金融",开发|测试|运维类,"['硅谷风格', '带薪年假', '国际化', '零食管够']",数据开发,北京
长沙蜜獾信息科技有限公司,蜜獾信息,150-500人,不需要融资,岳麓区,Python架构师(SG0304),5-10年,本科,15k-25k,"五险一金,超长带薪期,周末双休,年终奖金",移动互联网,开发|测试|运维类,"['年底双薪', '技能培训', '绩效奖金', '年度旅游']",后端开发,长沙
北京云杉智达科技有限公司,云杉智达科技,15-50人,不需要融资,朝阳区,高级python研发工程师,3-5年,本科,20k-35k,五险一金、午餐等福利、晋升空间、绩效奖金,"移动互联网,企业服务",开发|测试|运维类,"['绩效奖金', '扁平管理', '岗位晋升', '五险一金']",后端开发,北京
北京逍遥志科技有限公司,逍遥志科技,15-50人,A轮,朝阳区,高级Python研发工程师,5-10年,本科,25k-50k,牛人多，氛围好，发展快,"移动互联网,金融",开发|测试|运维类,"['定期体检', '股票期权', '弹性工作', '领导好']",后端开发,北京
武汉佰钧成技术有限责任公司深圳分公司,佰钧成技术,2000人以上,不需要融资,龙华新区,python开发,3-5年,本科,15k-25k,福利待遇，发展前景，晋升空间,移动互联网,开发|测试|运维类,"['技能培训', '节日礼物', '岗位晋升', '管理规范']",后端开发,深圳
上海西井信息科技有限公司,westwell西井科技,150-500人,B轮,长宁区,python后端开发人员（初级）,1-3年,本科,8k-12k,"氛围环境,6险1金,一线福利,团队有爱","数据服务,硬件",开发|测试|运维类,"['技能培训', '股票期权', '带薪年假', '绩效奖金']",后端开发,上海
深圳点猫科技有限公司,编程猫,2000人以上,C轮,南山区,课程设计（python）,3-5年,本科,9k-15k,福利待遇；行业前景,"移动互联网,教育",教育|培训,"['专项奖金', '股票期权', '岗位晋升', '年度旅游']",培训,深圳
北京字节跳动科技有限公司,字节跳动,2000人以上,C轮,闵行区,Python开发工程师-AI Lab,1-3年,本科,20k-30k,"弹性工作,免费三餐,餐补,租房补贴",文娱丨内容,开发|测试|运维类,"['扁平管理', '弹性工作', '大厨定制三餐', '就近租房补贴']",后端开发,上海
北京星尘纪元智能科技有限公司,星尘数据,15-50人,A轮,朝阳区,python后端实习生（可转正）,1年以下,本科,3k-6k,有老人带 对技术要求高,"数据服务,移动互联网",开发|测试|运维类,"['股票期权', '带薪年假', '交通补助', '弹性工作']",后端开发,北京
深圳十方融海科技有限公司,十方融海集团,150-500人,A轮,南山区,Python后端开发工程师,3-5年,本科,15k-20k,年轻团队,"移动互联网,教育",开发|测试|运维类,"['美女多', '弹性工作', '扁平管理', '午餐补助']",后端开发,深圳
深圳十方融海科技有限公司,十方融海集团,150-500人,A轮,南山区,python大数据后台开发,1-3年,本科,12k-18k,90后互联网 周末双休 福利多 大牛带队,"移动互联网,教育",开发|测试|运维类,"['美女多', '弹性工作', '扁平管理', '午餐补助']",数据开发,深圳
华世界科技（深圳）有限公司,华世界,50-150人,未融资,龙岗区,Python中级开发工程师,3-5年,本科,12k-20k,自研项目、大牛带队、接触项目机会多,电商,开发|测试|运维类,[],后端开发,深圳
北京源清慧虹信息科技有限公司,源清慧虹,50-150人,B轮,海淀区,高级python研发工程师,3-5年,本科,20k-30k,"二次医疗,健身场所,福利补助","信息安全,数据服务",开发|测试|运维类,"['专项奖金', '绩效奖金', '五险一金', '通讯津贴']",数据开发,北京
混沌时代（北京）教育科技有限公司,混沌大学,150-500人,不需要融资,海淀区,python后台工程师,3-5年,本科,20k-40k,"弹性工作,六险一金,学习氛围,绩效奖金","移动互联网,教育",开发|测试|运维类,"['弹性工作', '扁平管理', '领导好', '五险一金']",后端开发,北京
重庆铭德塑淘网络科技有限公司,铭德塑淘,15-50人,未融资,渝北区,Python开发工程师,1-3年,本科,7k-13k,中英团队、扁平管理、弹性时间、周末双休,"移动互联网,电商",开发|测试|运维类,[],后端开发,重庆
北京优阅互动信息技术有限公司,优阅互动,50-150人,不需要融资,朝阳区,Python 开发工程师,1-3年,本科,15k-30k,房补餐补、绩效奖金、分成制度、弹性工作,移动互联网,开发|测试|运维类,"['年底双薪', '股票期权', '绩效奖金', '带薪年假']",后端开发,北京
北京闪银奇异科技有限公司,闪银奇异,500-2000人,D轮及以上,朝阳区,高级python开发工程师,5-10年,本科,20k-30k,发展空间，免费午餐，免费健身,"移动互联网,金融",开发|测试|运维类,"['13~15薪', '晋升空间大', '定期体检', '能力定薪']",后端开发,北京
杭州美登科技股份有限公司,美登科技,15-50人,不需要融资,拱墅区,Python Web 后端研发工程师,1-3年,本科,15k-30k,"六险二金,技术大神带,全年17薪","电商,企业服务",开发|测试|运维类,"['年度旅游', '弹性工作', '丰厚年终奖', '技术大咖云集']",后端开发,杭州
大连允执科技有限公司,允执科技,15-50人,未融资,沙河口区,python实习生,不限,不限,1k-2k,"高成长,技术驱动","移动互联网,信息安全",开发|测试|运维类,"['区块链', '人工智能', '技术驱动型']",后端开发,大连
广州乐特信息科技有限公司,Lete,50-150人,不需要融资,番禺区,python开发(爬虫方向) 大数据,3-5年,大专,20k-40k,"周末双休,出国游,年底奖金","电商,移动互联网",开发|测试|运维类,"['年底双薪', '绩效奖金', '带薪年假', '股票期权']",数据开发,广州
上海易路软件有限公司,易路,150-500人,C轮,闵行区,Python高级开发工程师,3-5年,本科,18k-28k,五险一金，加班费，C轮创业，期权激励,"移动互联网,企业服务",开发|测试|运维类,"['技能培训', '年底双薪', '绩效奖金', '岗位晋升']",后端开发,上海
上海易路软件有限公司,易路,150-500人,C轮,闵行区,Python中级开发工程师,1-3年,本科,12k-18k,五险一金，加班费，C轮创业，期权激励,"移动互联网,企业服务",开发|测试|运维类,"['技能培训', '年底双薪', '绩效奖金', '岗位晋升']",后端开发,上海
墨智科技（深圳）有限公司,墨智科技,15-50人,A轮,徐汇区,风控策略分析师-SH（python）,1-3年,不限,10k-20k,"硅谷团队,团队氛围佳,发展空间大","移动互联网,数据服务",金融类,"['弹性工作', '扁平管理', '五险一金', '带薪年假']",互联网金融,上海
墨智科技（深圳）有限公司,墨智科技,15-50人,A轮,南山区,风控策略分析师（SZ）-Python,1-3年,本科,10k-20k,"硅谷团队,团队氛围佳,发展空间大","移动互联网,数据服务",金融类,"['弹性工作', '扁平管理', '五险一金', '带薪年假']",互联网金融,深圳
武汉踏浪出海科技有限公司,Firestorm,15-50人,A轮,洪山区,后台Python高级工程师,3-5年,本科,10k-15k,配置期权、广阔的职业成长空间,"移动互联网,金融",开发|测试|运维类,"['发展快', '股票期权', '年终分红', '扁平管理']",后端开发,武汉
上海骞云信息科技有限公司,CloudChef,50-150人,B轮,杨浦区,高级Python开发工程师,3-5年,本科,15k-30k,"带薪年假,五险一金,团建旅游,补充公积金","企业服务,数据服务",开发|测试|运维类,"['股票期权', '带薪年假', '定期体检', '弹性工作']",后端开发,上海
上海骞云信息科技有限公司,CloudChef,50-150人,B轮,杨浦区,高级Python开发工程师,3-5年,本科,18k-35k,"带薪年假,五险一金,团建旅游,补充公积金","企业服务,数据服务",开发|测试|运维类,"['股票期权', '带薪年假', '定期体检', '弹性工作']",后端开发,上海
第四范式（北京）技术有限公司,第四范式,500-2000人,B轮,海淀区,Python后端开发工程师,3-5年,本科,20k-35k,AI独角兽、超赞技术团队、薪酬待遇领先,企业服务,开发|测试|运维类,"['年底双薪', '带薪年假', '午餐补助', '定期体检']",后端开发,北京
深圳点猫科技有限公司,编程猫,2000人以上,C轮,天河区,猫老祖（图形化&amp;Python）,1-3年,本科,8k-15k,五险一金、餐补、生日会等,"移动互联网,教育",教育|培训,"['专项奖金', '股票期权', '岗位晋升', '年度旅游']",教师,广州
